top3,rho_len,short_share
0.5444215725649182,0.1364137239109729,0.5690268418210018
0.4379282747275822,-0.4444447133873633,0.5754451510413923
0.548160176559457,0.15621571609159798,0.3910669671111044
0.5954308820382063,0.10341040360993106,0.3230328706005321
0.5884758559084946,0.22662279940048724,0.23182904169617186
0.4193216986891186,0.0396039843612502,0.4327827325197908
0.5654455410429039,0.10561062496333386,0.4491533415511761
0.4690144679125787,0.044004427068055775,0.43163855873012946
0.518684441812242,0.18701881503923706,0.3988767858993795
0.6551914238584479,-0.2354236848140984,0.7563733007380623
0.597188899531028,-0.5632566664711138,0.8181225159872694
0.6056941686109628,-0.31243143218319597,0.7316519912256185
0.5140687472579897,-0.29702988270937647,0.5561107963070302
0.5182937347009146,-0.35423563789784895,0.6807854170329245
0.8195470533103936,0.30363054676958484,0.46452267203479425
0.20687256922628358,-0.14938635366206743,0.482123370256884
0.22609216453659386,-0.3065905458146308,0.7428380841968176
0.2058912857263734,-0.3373720602721983,0.6885777602215074
0.21331093856695066,-0.2737027214880702,0.6591738487859836
0.19391506632357014,-0.1757740077650138,0.7276620193650533
0.21228756973707885,-0.14329275022711932,0.5460469148515935
0.25158905900918005,-0.07209947665514543,0.4772884912593665
0.295364706471006,-0.02263058510406766,0.4563041812651939
0.2100896121479852,-0.11594501069551547,0.5451780483944502
0.2187048656928779,-0.17795379355966967,0.5947857591811281
0.17081431874174838,-0.078178384904961,0.45161442367377125
0.2051992574259773,0.062292889776716105,0.5047509098193165
0.17744159249087732,0.08721102536641137,0.5218771739152901
0.2499412448537311,-0.0172619441356568,0.5319248584143662
0.33878046607029305,-0.007038993678472992,0.6639273296050926
0.3818845803515381,-0.20159200549956766,0.7171937436271505
0.42158903781200846,-0.24025493506015638,0.6675676882857616
0.3946134651101827,-0.2764320127885322,0.6941557702207659
0.4166177193172362,-0.25278997515025153,0.6689088376480506
0.30167694341582596,0.00936161221918496,0.40882664693459525
0.6420848165595671,-0.24242344410527836,0.8602008033407486
0.600632866203982,-0.3717406298448672,0.805782224578769
0.6525943227846107,-0.20169778642859798,0.8577590819778884
0.1765797936182543,-0.22182260817661995,0.6084637282358285
0.23233449055319225,0.15444015638429426,0.2416329450580997
0.26922980566832255,-0.029962448147843386,0.5717022371026684
0.23840950639181346,-0.20574390696400846,0.613179421597979
0.22486142824179248,0.10824033563029391,0.2382349776225757
0.2320807259359956,-0.16168615002287245,0.6099750810776985
0.2392053443076307,-0.21209076270582874,0.6170823241443116
0.1297737950433895,-0.20351811963143102,0.4969395583410166
0.1428992931768437,-0.20347866411694623,0.4972859025055476
0.14419287074972476,-0.2023081505205653,0.4948860576471284
0.1439027649090232,-0.20520155491611375,0.4947205411642584
0.14233202466658454,-0.11079766059226408,0.4662298966358953
0.18715784595624088,0.051673742009269455,0.48187503059696346
0.2132165438081152,0.012244401580715158,0.5176095223888134
0.2117383972895616,0.02219379985763355,0.5122559546134378
0.1538802780937145,-0.06374059319112356,0.5054672718328099
0.23247114892841256,-0.001124485859453433,0.5110288892298398
0.25194628328846536,0.07817452603245507,0.4774265432262295
0.16057585359298032,-0.07225619885974228,0.49979955278803473
0.48797209218236187,-0.39120271215722063,0.8033854230418404
0.1605465790904398,-0.0669165525661392,0.49737450218187756
0.16086157900435483,-0.06418754614761053,0.4966431548603095
0.5826111435878987,-0.24705882352941175,0.4847649791719537
0.48382131641528825,0.2647058823529412,0.4143857270712756
0.450832375581555,0.22058823529411767,0.39674925822227053
0.45854569655406535,0.2676470588235294,0.3536076801300274
0.5524651259949698,-0.03529411764705882,0.5547977568872345
0.722857404765301,-0.0058823529411764705,0.5557974811446512
0.7388985382896549,0.07941176470588236,0.621173748687277
0.7679092138696417,0.09117647058823529,0.6072594866618026
0.5943944600940124,-0.44705882352941173,0.66992038112581
0.5222776838500603,-0.7000000000000001,0.7164712581339835
0.800742975897118,0.09705882352941177,0.6892690578679103
0.7098090752709948,-0.06470588235294117,0.7077400724909263
0.6015269169895623,-0.2823529411764706,0.6189877240260677
0.7768012701297444,-0.10882352941176471,0.7281807038499964
0.608209615024973,-0.17941176470588235,0.6166567884303644
