bm,quantity,name,B,med_abs_err_pts,max_abs_err_pts,var_ratio,slope_ratio,mde_pts,err_over_mde
SMD,scorer,cmhmil_seed7,400,12.49037089164426,464.9610975936963,0.01392836085349323,nan,70.6,6.5858512407039145
SMD,scorer,pca,400,20.769186377046513,211.87099804802463,0.0023913450374011503,nan,70.6,3.0010056380740036
SMD,scorer,iforest,400,8.828794561985454,3629.270078980057,0.0006304955122864719,nan,70.6,51.40609177025577
SMD,pair,cmhmil_seed7-pca,400,43.29622850251528,221.86219514021323,nan,2.6417036958540687,70.6,3.142524010484607
SMD,pair,cmhmil_seed7-iforest,400,34.60435370211674,140.34864128707275,nan,4.214810240523967,70.6,1.9879410947177445
SMD,pair,pca-iforest,400,38.79159567902087,184.7347532498253,nan,1.9584955344575234,70.6,2.616639564445118
PSM,scorer,cmhmil_seed7,400,4.968332253286323,59.00915224714092,0.22500498325848306,nan,26.6,2.218389182223343
PSM,scorer,pca,400,4.7426610336196,72.50088361199643,0.12384806807780176,nan,26.6,2.7255971282705422
PSM,scorer,iforest,400,3.593782684663421,69.21824762074114,0.21468656771617378,nan,26.6,2.602189760178238
PSM,pair,cmhmil_seed7-pca,400,31.09796320669696,206.9655389439176,nan,0.3174488379753076,26.6,7.780659358793895
PSM,pair,cmhmil_seed7-iforest,400,27.903486088432288,140.88381804567484,nan,0.4624495441937829,26.6,5.296384137055445
PSM,pair,pca-iforest,400,24.97015532709403,183.5822796666551,nan,0.6295519261438979,26.6,6.901589461152447
MSL,scorer,cmhmil_seed7,400,8.859514523467322,52.51770632001996,0.07172476459268055,nan,43.1,1.2185082672858458
MSL,scorer,pca,400,6.766602524322973,38.252420566060195,0.11278482359017253,nan,43.1,0.8875271593053409
MSL,scorer,iforest,400,6.662455421695556,42.99085829062401,0.10798825101859036,nan,43.1,0.9974677097592578
MSL,pair,cmhmil_seed7-pca,400,17.069940051921133,84.38017524324167,nan,4.187283207268667,43.1,1.9577766877782288
MSL,pair,cmhmil_seed7-iforest,400,16.543245328017655,79.91390029846515,nan,4.553509321555387,43.1,1.8541508189899107
MSL,pair,pca-iforest,400,16.536495955725922,72.57752434459137,nan,4.626620337445959,43.1,1.6839332794568762
SMAP,scorer,cmhmil_seed7,400,9.81310475339097,57.261000080735016,0.1422525482305755,nan,49.2,1.1638414650555897
SMAP,scorer,pca,400,7.296077365266801,47.43271584917038,0.18026559984981141,nan,49.2,0.9640795904302922
SMAP,scorer,iforest,400,6.828415298826765,44.49955901992528,0.18703043401453176,nan,49.2,0.9044625817057983
SMAP,pair,cmhmil_seed7-pca,400,16.11096302756374,61.91471903598128,nan,4.776499025142913,49.2,1.2584292486988065
SMAP,pair,cmhmil_seed7-iforest,400,15.757399351130644,69.7966510954886,nan,4.544593453367742,49.2,1.418631119827004
SMAP,pair,pca-iforest,400,15.348424657150801,58.24651484061045,nan,3.9367181539261633,49.2,1.183872252857936
WADI,scorer,cmhmil_seed7,400,52.931218428390146,559.0220866390453,0.0018845803775923136,nan,610.1,0.9162794404836014
WADI,scorer,pca,400,152.71851753798,2225.16964577633,0.0006302240740753923,nan,610.1,3.6472211863240944
WADI,scorer,iforest,400,50.5767011413773,315.0970538254444,0.019328929513220853,nan,610.1,0.5164678803891892
WADI,pair,cmhmil_seed7-pca,400,165.66395430096674,1380.7903323350668,nan,64.97322240396208,610.1,2.263219689124843
WADI,pair,cmhmil_seed7-iforest,400,78.80698286636587,513.5076445674366,nan,63.60515192121242,610.1,0.8416778307940281
WADI,pair,pca-iforest,400,165.5196388589595,1520.9493153579067,nan,63.201020064098955,610.1,2.492950852905928
