bm,pair,K,p_naive,p_cr,p_block,d_cr_block
SMD,deep-iforest,14,2.4481184031050456e-21,0.9999871398945774,0.9846437155198323,0.015343424374745118
SMD,deep-pca,14,3.532905271562632e-145,0.999943144928493,0.10730445302004558,0.8926386919084475
SMD,deep-gmm,14,9.964000976901534e-55,0.9999124074234452,0.019439310033043965,0.9804730973904012
SMD,deep-ocsvm,14,5.294394041084284e-68,0.9999662601620118,0.3727225213416729,0.6272437388203389
SMD,deep-lof,14,4.1237709435359217e-38,0.9999602915876225,0.15054151443939714,0.8494187771482253
SMD,iforest-pca,14,8.857319168108394e-144,0.9999677465076022,0.4132151498377457,0.5867525966698566
SMD,iforest-gmm,14,8.847503324090089e-68,0.9999639960384007,0.2479035711578852,0.7520604248805155
SMD,iforest-ocsvm,14,5.08255362918347e-71,0.999977211470427,0.6968375392386722,0.30313967223175475
SMD,iforest-lof,14,1.0231058633156795e-49,0.9999755929185231,0.5018779256762823,0.4980976672422408
SMD,pca-gmm,14,0.00020852108190693632,0.9999839138963951,0.2171670083801992,0.7828169055161959
SMD,pca-ocsvm,14,5.942177245647471e-36,0.9998894055263954,0.1102839383800028,0.8896054671463925
SMD,pca-lof,14,1.381734500598268e-26,0.9997884889590078,0.70503195011861,0.2947565388403979
SMD,gmm-ocsvm,14,1.806162677672194e-10,0.9999810272606634,0.015451324860593333,0.9845297024000701
SMD,gmm-lof,14,2.806229140785894e-21,0.999969708460308,0.017933263746110303,0.9820364447141977
SMD,ocsvm-lof,14,0.554831029332791,0.9999959732349342,0.2377152032379175,0.7622807699970167
PSM,deep-iforest,98,0.0,0.9999728077306805,0.9420978428273487,0.05787496490333188
PSM,deep-pca,98,5.452687432134333e-156,0.9999586250829293,0.3088590219640933,0.691099603118836
PSM,deep-gmm,98,2.8671626242634406e-237,0.9999720753513526,0.9471502324577552,0.05282184289359737
PSM,deep-ocsvm,98,9.651593252809702e-197,0.9997681508916975,0.7502075262936336,0.24956062459806383
PSM,deep-lof,98,7.379931266644176e-189,0.9997831517112119,0.05228949773343367,0.9474936539777782
PSM,iforest-pca,98,0.0,0.9999503326819769,0.5355502444311954,0.4644000882507815
PSM,iforest-gmm,98,2.4082256881192306e-138,0.9999737704471857,0.8823999803280962,0.11757379011908953
PSM,iforest-ocsvm,98,4.627977613633616e-143,0.9999856453787305,0.694508700686872,0.3054769446918585
PSM,iforest-lof,98,1.1456876563008566e-96,0.9999869859349475,0.12311453347657243,0.8768724524583751
PSM,pca-gmm,98,0.0,0.9999075662201701,0.2276877478530229,0.7722198183671471
PSM,pca-ocsvm,98,0.0,0.999900505590104,0.15773405439143906,0.842166451198665
PSM,pca-lof,98,0.0,0.9999217268939177,0.006808361844993667,0.993113365048924
PSM,gmm-ocsvm,98,0.7510311880896703,0.9999997166716905,0.7209212033740682,0.27907851329762234
PSM,gmm-lof,98,0.7292359169062543,0.9999996822092991,0.03481859688132402,0.9651810853279751
PSM,ocsvm-lof,98,0.35980989571375666,0.9999963336523867,0.03995363181723609,0.9600427018351506
MSL,deep-iforest,61,0.00934577881577558,0.999984584876306,0.7977513554325389,0.2022332294437671
MSL,deep-pca,61,0.005164783445064103,0.999980677576863,0.7498137150983268,0.2501669624785362
MSL,deep-gmm,61,0.5341992568372107,0.9999963386860976,0.846181474133942,0.15381486455215565
MSL,deep-ocsvm,61,0.0036392683354685195,0.9999797562228402,0.8079917435723852,0.19198801265045495
MSL,deep-lof,61,1.571507745130735e-41,0.9998593507651838,0.45584251927696934,0.5440168314882146
MSL,iforest-pca,61,0.9690238221040389,0.9999994793297187,0.23646064915705892,0.7635388301726598
MSL,iforest-gmm,61,1.1781892406966432e-09,0.9998831271778368,0.360678350804233,0.6392047763736037
MSL,iforest-ocsvm,61,0.8483583762550906,0.9999974633941925,0.2928375249059974,0.707159938488195
MSL,iforest-lof,61,8.724501897028216e-19,0.999958056164094,0.5414319534362976,0.45852610272779637
MSL,pca-gmm,61,1.9032793413755626e-36,0.9998688921377342,0.509974115399065,0.4898947767386692
MSL,pca-ocsvm,61,0.17797226787855167,0.999974861050877,0.05926067176104312,0.9407141892898339
MSL,pca-lof,61,1.4784746274001723e-21,0.9999509260177202,0.8981615809767661,0.10178934504095405
MSL,gmm-ocsvm,61,6.453280071668234e-46,0.9998519541601576,0.7422612239513092,0.2575907302088484
MSL,gmm-lof,61,2.700355176065352e-35,0.9999407198586185,0.783278987332462,0.2166617325261565
MSL,ocsvm-lof,61,3.245922589907136e-21,0.9999513429228284,0.8442333401592406,0.15571800276358783
SMAP,deep-iforest,97,5.599367399135419e-163,0.9999422514630624,0.7330442322004657,0.2668980192625967
SMAP,deep-pca,97,3.2279734267017916e-174,0.9999408783538457,0.9609440894454881,0.03899678890835756
SMAP,deep-gmm,97,3.085678087203346e-180,0.9999403736791652,0.9620693618876023,0.037871011791562936
SMAP,deep-ocsvm,97,3.7951499262276077e-178,0.9999406920779129,0.9609291839659776,0.03901150811193532
SMAP,deep-lof,97,3.7160041754173334e-19,0.9999812629247625,0.1079360473787269,0.8920452155460357
SMAP,iforest-pca,97,9.087764788036638e-15,0.9999738133468306,0.04357601537523544,0.9563977979715951
SMAP,iforest-gmm,97,2.8906888647734676e-17,0.999968489421695,0.030401908290937123,0.9695665811307579
SMAP,iforest-ocsvm,97,8.556474210076531e-17,0.9999703386489547,0.030600433569199097,0.9693699050797556
SMAP,iforest-lof,97,0.0,0.9999059309646919,0.09650530890887801,0.903400622055814
SMAP,pca-gmm,97,0.1425513665333828,0.9999910130560249,0.9558826416398978,0.04410837141612711
SMAP,pca-ocsvm,97,0.5285630986172379,0.9999975125199261,0.9910179188857483,0.008979593634177774
SMAP,pca-lof,97,0.0,0.999906511182381,0.0490812545905728,0.9508252565918083
SMAP,gmm-ocsvm,97,0.16073149599947562,0.999948086742387,0.8594548345367505,0.14049325220563647
SMAP,gmm-lof,97,0.0,0.9999076665431851,0.05183740486288097,0.9480702616803041
SMAP,ocsvm-lof,97,0.0,0.9999079237297336,0.05186984524977479,0.9480380784799588
WADI,deep-iforest,16,0.28217051440137264,0.9999978759890392,0.512293338480185,0.48770453750885423
WADI,deep-pca,16,0.02345481415576405,0.9999991762193503,0.6137569882255759,0.3862421879937744
WADI,deep-gmm,16,0.5125729410782307,0.999999781117441,0.232748925317958,0.767250855799483
WADI,deep-ocsvm,16,0.21773368875044016,0.9999993871925422,0.3363306225191696,0.6636687646733725
WADI,deep-lof,16,0.6670674030369417,0.999999740784446,0.9932836253783182,0.0067161154061278205
WADI,iforest-pca,16,0.126867727028832,0.9999994538692478,0.868855346451345,0.13114410741790283
WADI,iforest-gmm,16,0.6774356733618859,0.9999998523130108,0.6268094314004874,0.3731904209125234
WADI,iforest-ocsvm,16,0.8112320750505976,0.9999998771747062,0.6490751317075342,0.350924745467172
WADI,iforest-lof,16,0.1555969602526709,0.9999987409602292,0.6132077340476649,0.3867910069125643
WADI,pca-gmm,16,3.489956928873229e-05,0.999993377991266,0.14573568529392417,0.8542576926973418
WADI,pca-ocsvm,16,0.09780386337476062,0.9999986443576863,0.28217310210610547,0.7178255422515808
WADI,pca-lof,16,0.00018786670346050357,0.9999976005842357,0.6349417475484621,0.3650558530357736
WADI,gmm-ocsvm,16,0.42466964084216535,0.9999994576090411,0.8230599817528649,0.1769394758561762
WADI,gmm-lof,16,0.14725139426722092,0.9999992091842127,0.20355869830563894,0.7964405108785737
WADI,ocsvm-lof,16,0.05962348591519566,0.9999953026204867,0.4052579429236769,0.5947373596968099
