bm,pair,B,sd_direct_pts,mde_direct_pts,gap_pts,certifiable_direct
SMD,cmhmil_seed7-iforest,400,4.56443363666288,12.780414182656063,5.449352950649322,False
SMD,cmhmil_seed7-pca,400,3.7410568233943025,10.474959105504047,18.95287217545193,True
SMD,cmhmil_seed7-gmm,400,3.5631142543313934,9.9767199121279,16.641822368453273,True
SMD,cmhmil_seed7-ocsvm,400,3.602536507375386,10.08710222065108,12.957153524453524,True
SMD,cmhmil_seed7-lof,400,2.196726118734249,6.150833132455897,12.695113013612813,True
SMD,iforest-pca,400,3.6295246863188293,10.162669121692721,24.40222512610125,True
SMD,iforest-gmm,400,2.820906313593754,7.89853767806251,22.091175319102597,True
SMD,iforest-ocsvm,400,7.252391945116218,20.306697446325412,18.406506475102844,False
SMD,iforest-lof,400,5.507722387402985,15.421622684728357,18.144465964262135,True
SMD,pca-gmm,400,1.257824191810778,3.5219077370701783,2.311049806998655,False
SMD,pca-ocsvm,400,4.936496329836568,13.822189723542389,5.9957186509984055,False
SMD,pca-lof,400,3.457804790183477,9.681853412513735,6.257759161839116,False
SMD,gmm-ocsvm,400,5.421455823612066,15.180076306113783,3.68466884399975,False
SMD,gmm-lof,400,3.6354317722746576,10.17920896236904,3.946709354840461,False
SMD,ocsvm-lof,400,2.09799168065072,5.874376705822016,0.2620405108407109,False
PSM,cmhmil_seed7-iforest,400,11.034452998989497,30.89646839717059,13.856796586280485,False
PSM,cmhmil_seed7-pca,400,3.8043770566962065,10.652255758749378,5.362543187404434,False
PSM,cmhmil_seed7-gmm,400,5.148748595538991,14.416496067509172,6.834900126909071,False
PSM,cmhmil_seed7-ocsvm,400,4.36213192813247,12.213969398770917,6.770415574747036,False
PSM,cmhmil_seed7-lof,400,3.1883822840923544,8.927470395458592,6.91978826873304,False
PSM,iforest-pca,400,9.430414384394767,26.405160276305352,19.21933977368492,False
PSM,iforest-gmm,400,9.03447023900665,25.296516669218615,7.021896459371413,False
PSM,iforest-ocsvm,400,11.757298604304903,32.92043609205373,7.086381011533449,False
PSM,iforest-lof,400,12.08315139810507,33.832823914694195,6.937008317547444,False
PSM,pca-gmm,400,6.38126758226237,17.867549230334635,12.197443314313505,False
PSM,pca-ocsvm,400,6.18343635020466,17.313621780573047,12.13295876215147,False
PSM,pca-lof,400,5.355796901760082,14.99623132492823,12.282331456137474,False
PSM,gmm-ocsvm,400,4.593038697587861,12.860508353246011,0.0644845521620363,False
PSM,gmm-lof,400,5.493854899972062,15.382793719921771,0.08488814182396887,False
PSM,ocsvm-lof,400,3.231612287632546,9.048514405371128,0.14937269398600517,False
MSL,cmhmil_seed7-iforest,400,5.791124557039832,16.21514875971153,1.7625793493677433,False
MSL,cmhmil_seed7-pca,400,5.511126113576929,15.4311531180154,1.7489802661314946,False
MSL,cmhmil_seed7-gmm,400,4.590045677864506,12.852127898020616,0.36566383939472535,False
MSL,cmhmil_seed7-ocsvm,400,5.449034952426602,15.257297866794485,1.8296345465734776,False
MSL,cmhmil_seed7-lof,400,5.194133613265484,14.543574117143354,9.08006594978199,False
MSL,iforest-pca,400,2.873958605577797,8.04708409561783,0.013599083236248699,False
MSL,iforest-gmm,400,2.961612568445289,8.29251519164681,2.1282431887624687,False
MSL,iforest-ocsvm,400,2.817829686434523,7.889923122016665,0.06705519720573427,False
MSL,iforest-lof,400,8.883636201551735,24.874181364344857,7.317486600414247,False
MSL,pca-gmm,400,2.2725011552794805,6.363003234782544,2.11464410552622,False
MSL,pca-ocsvm,400,0.28369398234623205,0.7943431505694497,0.08065428044198297,False
MSL,pca-lof,400,7.3903035224804485,20.692849862945256,7.331085683650496,False
MSL,gmm-ocsvm,400,2.1241217241484085,5.947540827615544,2.195298385968203,False
MSL,gmm-lof,400,7.486863130790236,20.96321676621266,9.445729789176715,False
MSL,ocsvm-lof,400,7.358373420975576,20.60344557873161,7.250431403208513,False
SMAP,cmhmil_seed7-iforest,400,10.565317367908857,29.5828886301448,14.445685678925486,False
SMAP,cmhmil_seed7-pca,400,11.00054247097896,30.801518918741085,15.271566531903074,False
SMAP,cmhmil_seed7-gmm,400,10.946009287408366,30.648826004743423,15.340648392064804,False
SMAP,cmhmil_seed7-ocsvm,400,10.969898310832011,30.71571527032963,15.29029585154928,False
SMAP,cmhmil_seed7-lof,400,8.199048305751793,22.957335256105015,4.370935906713436,False
SMAP,iforest-pca,400,1.7490544605005913,4.897352489401655,0.8258808529775896,False
SMAP,iforest-gmm,400,1.6601144014410565,4.648320324034958,0.894962713139319,False
SMAP,iforest-ocsvm,400,1.65044378638621,4.621242601881388,0.8446101726237942,False
SMAP,iforest-lof,400,6.419623010438108,17.974944429226703,18.81662158563892,True
SMAP,pca-gmm,400,0.3861942418018804,1.081343877045265,0.06908186016172935,False
SMAP,pca-ocsvm,400,0.3636847792171026,1.0183173818078872,0.018729319646204612,False
SMAP,pca-lof,400,6.810020863910693,19.06805841894994,19.64250243861651,True
SMAP,gmm-ocsvm,400,0.04594960887756067,0.12865890485716988,0.050352540515524735,False
SMAP,gmm-lof,400,6.929454240489923,19.40247187337178,19.71158429877824,True
SMAP,ocsvm-lof,400,6.931328215135263,19.407719002378734,19.661231758262716,True
WADI,cmhmil_seed7-iforest,400,10.429842127414643,29.203557956761,8.437209052308992,False
WADI,cmhmil_seed7-pca,400,9.078041540427236,25.41851631319626,18.627911781876726,False
WADI,cmhmil_seed7-gmm,400,12.006585330775966,33.6184389261727,5.38638005579235,False
WADI,cmhmil_seed7-ocsvm,400,11.155784859340732,31.236197606154047,9.943889715777587,False
WADI,cmhmil_seed7-lof,400,11.36718143815538,31.828108026835068,3.475072262882428,False
WADI,iforest-pca,400,11.208746365126917,31.384489822355366,10.190702729567736,False
WADI,iforest-gmm,400,15.47933568431263,43.34213991607537,3.0508289965166413,False
WADI,iforest-ocsvm,400,8.502198730949447,23.80615644665845,1.5066806634685959,False
WADI,iforest-lof,400,18.374610851955097,51.448910385474264,11.91228131519142,False
WADI,pca-gmm,400,4.731106353266287,13.2470977891456,13.241531726084377,False
WADI,pca-ocsvm,400,8.311984915845285,23.273557764366796,8.68402206609914,False
WADI,pca-lof,400,10.470503651029778,29.317410222883378,22.102984044759154,False
WADI,gmm-ocsvm,400,11.696329128379771,32.74972155946336,4.557509659985238,False
WADI,gmm-lof,400,9.861299938140212,27.61163982679259,8.861452318674779,False
WADI,ocsvm-lof,400,16.86585786309532,47.22440201666689,13.418961978660015,False
