dataset,detector,seed,AUROC,AP
SMD,cmhmil,7,0.7468392875816823,0.3693746358002225
SMD,cmhmil,42,0.7949740278559203,0.4081420339740086
SMD,cmhmil,123,0.7793048781998484,0.38553546149920054
PSM,cmhmil,7,0.7815375288063187,0.44869099636649007
PSM,cmhmil,42,0.7145754253979497,0.49631240645994484
PSM,cmhmil,123,0.7124115382177231,0.44365206366773774
SWaT,cmhmil,7,0.9677133956520882,0.737948252712488
SWaT,cmhmil,42,0.6172402245963614,0.2721744472667854
SWaT,cmhmil,123,0.9259667643585431,0.6151527820593907
MSL,cmhmil,7,0.6128953412951219,0.17280418494102456
SMAP,cmhmil,7,0.5295141200664112,0.17691481590955627
WADI,cmhmil,7,0.5473546505357266,0.010842880753338698
TE,cmhmil,7,0.817255390199402,0.9109294258724809
MetroPT3,cmhmil,7,0.5024881890092265,0.060507137443539055
SMD,iforest,0,0.692345758075189,0.30775722577746445
PSM,iforest,0,0.6429695629435137,0.27844898296836273
MSL,iforest,0,0.5952695478014446,0.14791474931249468
SMAP,iforest,0,0.38505726327715634,0.0745973077543274
SWaT,iforest,0,0.6645064540506497,0.5351266348997087
WADI,iforest,0,0.6317267410588165,0.0328850454063016
SMD,AT,0,0.5255328643098122,0.0990847698637148
SWaT,AT,0,0.49309745282817374,0.03744584822536626
