dataset,pair,stride,tau_win_full,tau_seg,N_seg_windows,n_events
SMD,cmhmil-pca,1,7.41,7.395,2694,8
SMD,cmhmil-pca,4,1.31,1.306,675,8
SMD,cmhmil-pca,16,1.27,1.0,171,8
PSM,cmhmil-pca,1,3735.94,1454.974,24365,72
PSM,cmhmil-pca,4,931.79,354.014,6090,72
PSM,cmhmil-pca,16,236.03,105.936,1525,72
MSL,cmhmil-pca,1,23.09,24.87,7095,30
MSL,cmhmil-pca,4,5.65,6.365,1791,30
MSL,cmhmil-pca,16,1.39,1.743,458,30
SMAP,cmhmil-pca,1,13.42,3.199,26873,48
SMAP,cmhmil-pca,4,5.12,1.374,6739,48
SMAP,cmhmil-pca,16,2.8,1.0,1705,48
WADI,cmhmil-pca,1,1442.2,54.432,672,8
WADI,cmhmil-pca,4,360.66,14.161,171,8
WADI,cmhmil-pca,16,90.25,4.15,45,8
TE,cmhmil-pca,1,94.59,140.138,15126,6
TE,cmhmil-pca,4,23.66,35.027,3786,6
TE,cmhmil-pca,16,6.31,8.725,948,6
MetroPT3,cmhmil-pca,1,16739.35,19.95,91356,3
MetroPT3,cmhmil-pca,4,4292.84,5.107,22841,3
MetroPT3,cmhmil-pca,16,1223.21,1.724,5711,3
