dataset,scorer,B,T,n_blocks,V_clean,size_win_t,ci_win_t,size_win_wilcox,ci_win_wilcox,size_blk_t,ci_blk_t,size_blk_wilcox,ci_blk_wilcox,size_n1_signperm,ci_n1_signperm,size_r_win_t,ci_r_win_t,size_r_win_wilcox,ci_r_win_wilcox,size_r_blk_t,ci_r_blk_t,size_r_blk_wilcox,ci_r_blk_wilcox
BATADAL,gmm,10000,2074,9,0.0013678711607827394,0.4801,"[0.470,0.490]",0.4048,"[0.395,0.414]",0.0308,"[0.028,0.034]",0.0272,"[0.024,0.031]",0.0,"[0.000,0.000]",0.619,"[0.609,0.628]",0.5526,"[0.543,0.562]",0.0277,"[0.025,0.031]",0.0243,"[0.021,0.028]"
BATADAL,lof,10000,2074,9,0.0013298693520544247,0.4764,"[0.467,0.486]",0.4031,"[0.394,0.413]",0.0252,"[0.022,0.028]",0.0246,"[0.022,0.028]",0.0,"[0.000,0.000]",0.6111,"[0.602,0.621]",0.5535,"[0.544,0.563]",0.0246,"[0.022,0.028]",0.0242,"[0.021,0.027]"
BATADAL,ocsvm,10000,2074,9,0.0014888538562339783,0.4986,"[0.489,0.508]",0.4543,"[0.445,0.464]",0.0453,"[0.041,0.050]",0.0264,"[0.023,0.030]",0.0,"[0.000,0.000]",0.6299,"[0.620,0.639]",0.5886,"[0.579,0.598]",0.0441,"[0.040,0.048]",0.0247,"[0.022,0.028]"
BATADAL,pca,10000,2074,9,0.001873232547658696,0.5438,"[0.534,0.554]",0.5411,"[0.531,0.551]",0.0476,"[0.044,0.052]",0.0266,"[0.024,0.030]",0.0,"[0.000,0.000]",0.6666,"[0.657,0.676]",0.666,"[0.657,0.675]",0.0466,"[0.043,0.051]",0.0253,"[0.022,0.029]"
EMG,gmm,10000,65435,55,9.431022414874676e-05,0.6456,"[0.636,0.655]",0.6842,"[0.675,0.693]",0.0532,"[0.049,0.058]",0.0538,"[0.050,0.058]",0.0491,"[0.045,0.054]",0.7437,"[0.735,0.752]",0.7552,"[0.747,0.764]",0.0479,"[0.044,0.052]",0.0514,"[0.047,0.056]"
EMG,iforest,10000,65435,55,8.478959750113455e-05,0.6261,"[0.617,0.636]",0.6729,"[0.664,0.682]",0.0521,"[0.048,0.057]",0.0533,"[0.049,0.058]",0.0461,"[0.042,0.050]",0.7326,"[0.724,0.741]",0.7415,"[0.733,0.750]",0.0457,"[0.042,0.050]",0.0499,"[0.046,0.054]"
EMG,lof,10000,65435,55,0.0002026853793940392,0.7679,"[0.760,0.776]",0.7904,"[0.782,0.798]",0.0494,"[0.045,0.054]",0.0492,"[0.045,0.054]",0.0509,"[0.047,0.055]",0.8415,"[0.834,0.849]",0.8485,"[0.841,0.855]",0.0475,"[0.044,0.052]",0.0466,"[0.043,0.051]"
EMG,ocsvm,10000,65435,55,7.585148598622277e-05,0.613,"[0.603,0.623]",0.6551,"[0.646,0.664]",0.0502,"[0.046,0.055]",0.0548,"[0.051,0.059]",0.0473,"[0.043,0.052]",0.7175,"[0.709,0.726]",0.727,"[0.718,0.736]",0.0453,"[0.041,0.050]",0.0487,"[0.045,0.053]"
EMG,pca,10000,65435,55,0.00010756072021892335,0.6757,"[0.666,0.685]",0.7138,"[0.705,0.723]",0.0518,"[0.048,0.056]",0.0534,"[0.049,0.058]",0.0468,"[0.043,0.051]",0.7635,"[0.755,0.772]",0.7768,"[0.769,0.785]",0.0465,"[0.043,0.051]",0.0491,"[0.045,0.054]"
MSL,cmhmil_seed7,10000,66008,61,0.001843885052288724,0.912,"[0.906,0.917]",0.9188,"[0.913,0.924]",0.049,"[0.045,0.053]",0.0492,"[0.045,0.054]",0.0493,"[0.045,0.054]",0.9376,"[0.933,0.942]",0.9423,"[0.938,0.947]",0.0477,"[0.044,0.052]",0.0478,"[0.044,0.052]"
MSL,gmm,10000,66008,61,0.0014131985537719808,0.9007,"[0.895,0.906]",0.8948,"[0.889,0.901]",0.0501,"[0.046,0.055]",0.0508,"[0.047,0.055]",0.0454,"[0.041,0.050]",0.9265,"[0.921,0.931]",0.928,"[0.923,0.933]",0.0444,"[0.041,0.049]",0.0454,"[0.041,0.050]"
MSL,iforest,10000,66008,61,0.0014872419617380757,0.9006,"[0.895,0.906]",0.9007,"[0.895,0.906]",0.0488,"[0.045,0.053]",0.0471,"[0.043,0.051]",0.0462,"[0.042,0.050]",0.9292,"[0.924,0.934]",0.932,"[0.927,0.937]",0.0466,"[0.043,0.051]",0.0453,"[0.041,0.050]"
MSL,lof,10000,66008,61,0.0023224590071168937,0.9242,"[0.919,0.929]",0.9294,"[0.924,0.934]",0.0474,"[0.043,0.052]",0.0461,"[0.042,0.050]",0.0474,"[0.043,0.052]",0.9483,"[0.944,0.952]",0.9519,"[0.948,0.956]",0.0454,"[0.041,0.050]",0.0451,"[0.041,0.049]"
MSL,ocsvm,10000,66008,61,0.0012763658742544906,0.8986,"[0.893,0.904]",0.8908,"[0.885,0.897]",0.05,"[0.046,0.054]",0.052,"[0.048,0.057]",0.044,"[0.040,0.048]",0.9266,"[0.921,0.932]",0.9263,"[0.921,0.931]",0.0461,"[0.042,0.050]",0.0456,"[0.042,0.050]"
MSL,pca,10000,66008,61,0.0012405246296499754,0.8959,"[0.890,0.902]",0.893,"[0.887,0.899]",0.0496,"[0.046,0.054]",0.0515,"[0.047,0.056]",0.0444,"[0.041,0.049]",0.9227,"[0.917,0.928]",0.9247,"[0.919,0.930]",0.0461,"[0.042,0.050]",0.0461,"[0.042,0.050]"
MSL,pca_w32,10000,65992,61,0.00131704692017492,0.8948,"[0.889,0.901]",0.8955,"[0.889,0.901]",0.0505,"[0.046,0.055]",0.0515,"[0.047,0.056]",0.0449,"[0.041,0.049]",0.9241,"[0.919,0.929]",0.9257,"[0.920,0.931]",0.0457,"[0.042,0.050]",0.0466,"[0.043,0.051]"
MetroPT3,cmhmil_seed7,10000,1516933,7,0.00014757986819167977,0.9482,"[0.944,0.952]",0.9021,"[0.896,0.908]",0.0316031603160316,"[0.028,0.035]",0.0118,"[0.010,0.014]",0.0,"[0.000,0.000]",0.9740948189637928,"[0.971,0.977]",0.9568913782756552,"[0.953,0.961]",0.028705741148229647,"[0.026,0.032]",0.0104,"[0.009,0.013]"
MetroPT3,gmm,10000,1516933,7,0.0016977798925498625,0.9621,"[0.958,0.966]",0.9801,"[0.977,0.983]",0.0499049904990499,"[0.046,0.054]",0.0127,"[0.011,0.015]",0.0,"[0.000,0.000]",0.9842968593718744,"[0.982,0.987]",0.990998199639928,"[0.989,0.993]",0.05081016203240648,"[0.047,0.055]",0.0132,"[0.011,0.016]"
MetroPT3,pca,10000,1516933,7,0.0017049084048188431,0.9636,"[0.960,0.967]",0.9777,"[0.975,0.980]",0.04960496049604961,"[0.046,0.054]",0.0128,"[0.011,0.015]",0.0,"[0.000,0.000]",0.9861972394478896,"[0.984,0.988]",0.9902980596119224,"[0.988,0.992]",0.05031006201240248,"[0.046,0.055]",0.0129,"[0.011,0.015]"
NEweather,gmm,10000,9065,2888,9.426748000296948e-05,0.1052,"[0.099,0.111]",0.1123,"[0.106,0.119]",0.0489,"[0.045,0.053]",0.0485,"[0.044,0.053]",0.0477,"[0.044,0.052]",0.2535,"[0.245,0.262]",0.2592,"[0.251,0.268]",0.0506,"[0.046,0.055]",0.0502,"[0.046,0.055]"
NEweather,lof,10000,9065,2888,8.844320758791128e-05,0.0893,"[0.084,0.095]",0.0913,"[0.086,0.097]",0.0478,"[0.044,0.052]",0.0489,"[0.045,0.053]",0.0504,"[0.046,0.055]",0.2361,"[0.228,0.245]",0.2345,"[0.226,0.243]",0.0483,"[0.044,0.053]",0.0484,"[0.044,0.053]"
NEweather,ocsvm,10000,9065,2888,9.306655045099618e-05,0.0981,"[0.092,0.104]",0.0992,"[0.093,0.105]",0.0496,"[0.046,0.054]",0.05,"[0.046,0.054]",0.0456,"[0.042,0.050]",0.2448,"[0.236,0.253]",0.2502,"[0.242,0.259]",0.0513,"[0.047,0.056]",0.0519,"[0.048,0.056]"
NEweather,pca,10000,9065,2888,8.660661096013015e-05,0.0889,"[0.083,0.095]",0.0993,"[0.094,0.105]",0.0517,"[0.048,0.056]",0.0506,"[0.046,0.055]",0.0507,"[0.047,0.055]",0.2292,"[0.221,0.238]",0.2347,"[0.226,0.243]",0.0499,"[0.046,0.054]",0.0512,"[0.047,0.056]"
PSM,at2_seed7,10000,99145,145,0.014227613170092307,0.967,"[0.963,0.970]",0.9651,"[0.961,0.969]",0.0508,"[0.047,0.055]",0.0495,"[0.045,0.054]",0.049,"[0.045,0.053]",0.9747,"[0.971,0.978]",0.9778,"[0.975,0.981]",0.0513,"[0.047,0.056]",0.0519,"[0.048,0.056]"
PSM,cmhmil_seed7,10000,110146,145,0.01275559049211997,0.969,"[0.965,0.972]",0.9646,"[0.961,0.968]",0.0517,"[0.048,0.056]",0.0516,"[0.047,0.056]",0.0472,"[0.043,0.052]",0.9788,"[0.976,0.981]",0.977,"[0.974,0.980]",0.0462,"[0.042,0.050]",0.0465,"[0.043,0.051]"
PSM,gmm,10000,110146,145,0.010997369882495443,0.966,"[0.962,0.969]",0.9673,"[0.964,0.971]",0.0505,"[0.046,0.055]",0.0491,"[0.045,0.054]",0.0515,"[0.047,0.056]",0.9764,"[0.973,0.979]",0.9754,"[0.972,0.978]",0.0493,"[0.045,0.054]",0.0497,"[0.046,0.054]"
PSM,iforest,10000,110146,145,0.01150978748646198,0.9711,"[0.968,0.974]",0.9681,"[0.964,0.971]",0.0533,"[0.049,0.058]",0.0508,"[0.047,0.055]",0.0516,"[0.047,0.056]",0.9785,"[0.975,0.981]",0.9759,"[0.973,0.979]",0.0523,"[0.048,0.057]",0.053,"[0.049,0.058]"
PSM,lof,10000,110146,145,0.012241429560303992,0.9675,"[0.964,0.971]",0.9669,"[0.963,0.970]",0.0502,"[0.046,0.055]",0.051,"[0.047,0.055]",0.0516,"[0.047,0.056]",0.9752,"[0.972,0.978]",0.9786,"[0.976,0.981]",0.0511,"[0.047,0.056]",0.0512,"[0.047,0.056]"
PSM,ocsvm,10000,110146,145,0.011681268854012251,0.9648,"[0.961,0.968]",0.964,"[0.960,0.967]",0.0522,"[0.048,0.057]",0.051,"[0.047,0.055]",0.0503,"[0.046,0.055]",0.9787,"[0.976,0.981]",0.9771,"[0.974,0.980]",0.0488,"[0.045,0.053]",0.0495,"[0.045,0.054]"
PSM,pca,10000,110146,145,0.013605241964421273,0.9682,"[0.965,0.971]",0.9674,"[0.964,0.971]",0.048,"[0.044,0.052]",0.0481,"[0.044,0.052]",0.0471,"[0.043,0.051]",0.9806,"[0.978,0.983]",0.9774,"[0.974,0.980]",0.0493,"[0.045,0.054]",0.0494,"[0.045,0.054]"
PSM,pca_w32,10000,110130,145,0.013686895749114171,0.9695,"[0.966,0.973]",0.9704,"[0.967,0.974]",0.0459,"[0.042,0.050]",0.0473,"[0.043,0.052]",0.0481,"[0.044,0.052]",0.9767,"[0.974,0.979]",0.9776,"[0.975,0.980]",0.0486,"[0.045,0.053]",0.048,"[0.044,0.052]"
SMAP,cmhmil_seed7,10000,281385,97,0.0012259090027403094,0.95,"[0.946,0.954]",0.952,"[0.948,0.956]",0.0472,"[0.043,0.052]",0.0478,"[0.044,0.052]",0.047,"[0.043,0.051]",0.9646,"[0.961,0.968]",0.9645,"[0.961,0.968]",0.0464,"[0.042,0.051]",0.0462,"[0.042,0.050]"
SMAP,gmm,10000,281385,97,0.0008435721521396887,0.9445,"[0.940,0.949]",0.9454,"[0.941,0.950]",0.0509,"[0.047,0.055]",0.0514,"[0.047,0.056]",0.0512,"[0.047,0.056]",0.9601,"[0.956,0.964]",0.9647,"[0.961,0.968]",0.0502,"[0.046,0.055]",0.0504,"[0.046,0.055]"
SMAP,iforest,10000,281385,97,0.0007935373100779926,0.9424,"[0.938,0.947]",0.9443,"[0.940,0.949]",0.05,"[0.046,0.054]",0.0497,"[0.046,0.054]",0.0509,"[0.047,0.055]",0.9605,"[0.957,0.964]",0.9588,"[0.955,0.963]",0.0516,"[0.047,0.056]",0.049,"[0.045,0.053]"
SMAP,lof,10000,281385,97,0.001045421750591481,0.9457,"[0.941,0.950]",0.9494,"[0.945,0.954]",0.0488,"[0.045,0.053]",0.0494,"[0.045,0.054]",0.0534,"[0.049,0.058]",0.9615,"[0.958,0.965]",0.9631,"[0.959,0.967]",0.0508,"[0.047,0.055]",0.0492,"[0.045,0.054]"
SMAP,ocsvm,10000,281385,97,0.0008461473863377158,0.9448,"[0.940,0.949]",0.9471,"[0.943,0.951]",0.0509,"[0.047,0.055]",0.0508,"[0.047,0.055]",0.0512,"[0.047,0.056]",0.9597,"[0.956,0.963]",0.9655,"[0.962,0.969]",0.05,"[0.046,0.054]",0.0504,"[0.046,0.055]"
SMAP,pca,10000,281385,97,0.0008299024350064832,0.9439,"[0.939,0.948]",0.9445,"[0.940,0.949]",0.0509,"[0.047,0.055]",0.0512,"[0.047,0.056]",0.0517,"[0.048,0.056]",0.9614,"[0.957,0.965]",0.9615,"[0.958,0.965]",0.0492,"[0.045,0.054]",0.0502,"[0.046,0.055]"
SMD,AT,10000,28400,17,0.0007499593634552524,0.8097,"[0.802,0.817]",0.7791,"[0.771,0.787]",0.0492,"[0.045,0.054]",0.0458,"[0.042,0.050]",0.0462,"[0.042,0.050]",0.8607,"[0.854,0.867]",0.8391,"[0.832,0.846]",0.0487,"[0.045,0.053]",0.0463,"[0.042,0.051]"
SMD,at2_seed7,10000,25632,17,0.010035814376667984,0.9096,"[0.904,0.915]",0.9127,"[0.907,0.918]",0.0427,"[0.039,0.047]",0.0473,"[0.043,0.052]",0.048,"[0.044,0.052]",0.9531,"[0.949,0.957]",0.9585,"[0.954,0.962]",0.0453,"[0.041,0.050]",0.0482,"[0.044,0.053]"
SMD,cmhmil_seed7,10000,28464,17,0.00643123397120297,0.8997,"[0.894,0.905]",0.9066,"[0.901,0.912]",0.0453,"[0.041,0.050]",0.0478,"[0.044,0.052]",0.049,"[0.045,0.053]",0.9453,"[0.941,0.950]",0.9466,"[0.942,0.951]",0.0482,"[0.044,0.053]",0.0483,"[0.044,0.053]"
SMD,gmm,10000,28464,17,0.008545705777883184,0.9078,"[0.902,0.913]",0.9192,"[0.914,0.924]",0.0419,"[0.038,0.046]",0.0484,"[0.044,0.053]",0.0471,"[0.043,0.051]",0.9469,"[0.942,0.951]",0.9494,"[0.945,0.954]",0.0433,"[0.039,0.047]",0.0485,"[0.044,0.053]"
SMD,iforest,10000,28464,17,0.0025694132281503684,0.8785,"[0.872,0.885]",0.8886,"[0.882,0.895]",0.0509,"[0.047,0.055]",0.0474,"[0.043,0.052]",0.0454,"[0.041,0.050]",0.9199,"[0.914,0.925]",0.9242,"[0.919,0.929]",0.0494,"[0.045,0.054]",0.046,"[0.042,0.050]"
SMD,lof,10000,28464,17,0.011060693702887002,0.9139,"[0.908,0.919]",0.9292,"[0.924,0.934]",0.0445,"[0.041,0.049]",0.0457,"[0.042,0.050]",0.0455,"[0.042,0.050]",0.9545,"[0.950,0.958]",0.9525,"[0.948,0.956]",0.0473,"[0.043,0.052]",0.0486,"[0.045,0.053]"
SMD,ocsvm,10000,28464,17,0.011748486250973654,0.9143,"[0.909,0.920]",0.9247,"[0.919,0.930]",0.046,"[0.042,0.050]",0.0461,"[0.042,0.050]",0.0471,"[0.043,0.051]",0.9517,"[0.947,0.956]",0.9562,"[0.952,0.960]",0.0507,"[0.047,0.055]",0.0496,"[0.046,0.054]"
SMD,pca,10000,28464,17,0.009854013491827225,0.9106,"[0.905,0.916]",0.9149,"[0.909,0.920]",0.0432,"[0.039,0.047]",0.0453,"[0.041,0.050]",0.0465,"[0.043,0.051]",0.9533,"[0.949,0.957]",0.9557,"[0.951,0.960]",0.046,"[0.042,0.050]",0.0504,"[0.046,0.055]"
SMD,pca_w32,10000,28448,17,0.009971341010839284,0.911,"[0.905,0.916]",0.9139,"[0.908,0.919]",0.0425,"[0.039,0.047]",0.0452,"[0.041,0.049]",0.0471,"[0.043,0.051]",0.9537,"[0.949,0.958]",0.9547,"[0.950,0.959]",0.0451,"[0.041,0.049]",0.0508,"[0.047,0.055]"
SWaT,AT,10000,1441700,2,0.0,,,,,,,,,,,,,,,,,,
SWaT,cmhmil_seed7,10000,144157,2,0.0,,,,,,,,,,,,,,,,,,
SWaT,gmm,10000,144157,2,0.0,,,,,,,,,,,,,,,,,,
SWaT,iforest,10000,144157,2,0.0,,,,,,,,,,,,,,,,,,
SWaT,lof,10000,144157,2,0.0,,,,,,,,,,,,,,,,,,
SWaT,ocsvm,10000,144157,2,0.0,,,,,,,,,,,,,,,,,,
SWaT,pca,10000,144157,2,0.0,,,,,,,,,,,,,,,,,,
TE,cmhmil_seed7,10000,23989,12,0.003575845603123092,0.8656,"[0.859,0.872]",0.9018,"[0.896,0.907]",0.0392,"[0.036,0.043]",0.047,"[0.043,0.051]",0.0487,"[0.045,0.053]",0.9114,"[0.906,0.917]",0.9267,"[0.921,0.932]",0.0377,"[0.034,0.042]",0.0443,"[0.040,0.049]"
TE,gmm,10000,23989,12,0.0035957808570951954,0.8712,"[0.864,0.878]",0.8986,"[0.893,0.904]",0.0393,"[0.036,0.043]",0.0458,"[0.042,0.050]",0.0497,"[0.046,0.054]",0.9154,"[0.910,0.921]",0.9294,"[0.924,0.934]",0.0383,"[0.035,0.042]",0.0439,"[0.040,0.048]"
TE,lof,10000,23989,12,0.0035242153934540352,0.8653,"[0.858,0.872]",0.8991,"[0.893,0.905]",0.0368,"[0.033,0.041]",0.0451,"[0.041,0.049]",0.05,"[0.046,0.054]",0.9089,"[0.903,0.914]",0.9268,"[0.922,0.932]",0.0356,"[0.032,0.039]",0.0461,"[0.042,0.050]"
TE,ocsvm,10000,23989,12,0.0035730564497452213,0.8765,"[0.870,0.883]",0.9007,"[0.895,0.906]",0.0422,"[0.038,0.046]",0.0457,"[0.042,0.050]",0.0505,"[0.046,0.055]",0.9214,"[0.916,0.927]",0.9303,"[0.925,0.935]",0.0412,"[0.037,0.045]",0.0435,"[0.040,0.048]"
TE,pca,10000,23989,12,0.0034603539286366617,0.8708,"[0.864,0.877]",0.9019,"[0.896,0.908]",0.0378,"[0.034,0.042]",0.0456,"[0.042,0.050]",0.0494,"[0.045,0.054]",0.9229,"[0.918,0.928]",0.9291,"[0.924,0.934]",0.0338,"[0.030,0.038]",0.0452,"[0.041,0.049]"
TSB000,gmm,10000,8095,7,2.0091559946229447e-05,0.1558,"[0.149,0.163]",0.1311,"[0.125,0.138]",0.004705175693262589,"[0.004,0.006]",0.0027,"[0.002,0.004]",0.0,"[0.000,0.000]",0.18169084542271136,"[0.174,0.189]",0.19569784892446224,"[0.188,0.204]",0.005406487785342411,"[0.004,0.007]",0.0036,"[0.003,0.005]"
TSB000,pca,10000,8095,7,1.3973807448436245e-05,0.125,"[0.119,0.132]",0.106,"[0.100,0.112]",0.004805285814395836,"[0.004,0.006]",0.0022,"[0.001,0.003]",0.0,"[0.000,0.000]",0.11875937968984492,"[0.113,0.125]",0.10705352676338169,"[0.101,0.113]",0.0049058870644773725,"[0.004,0.006]",0.0024,"[0.002,0.004]"
TSB001,gmm,10000,899,1,0.0,,,,,,,,,,,,,,,,,,
TSB001,pca,10000,899,1,0.0,,,,,,,,,,,,,,,,,,
TSB002,gmm,10000,1753,2,0.0,,,,,,,,,,,,,,,,,,
TSB002,pca,10000,1753,2,0.0,,,,,,,,,,,,,,,,,,
TSB017,gmm,10000,19372,13,0.004589176815733532,0.7993,"[0.791,0.807]",0.9926,"[0.991,0.994]",0.0417,"[0.038,0.046]",0.0409,"[0.037,0.045]",0.0453,"[0.041,0.050]",0.9014,"[0.895,0.907]",0.9885,"[0.986,0.990]",0.0454,"[0.041,0.050]",0.0424,"[0.039,0.047]"
TSB017,pca,10000,19372,13,0.0017386674243310598,0.8676,"[0.861,0.874]",0.9455,"[0.941,0.950]",0.0511,"[0.047,0.056]",0.0472,"[0.043,0.052]",0.0422,"[0.038,0.046]",0.8908,"[0.885,0.897]",0.9497,"[0.945,0.954]",0.0481,"[0.044,0.052]",0.0436,"[0.040,0.048]"
TSB018,gmm,10000,74985,3,0.0012070481526680122,0.6649354108403249,"[0.654,0.676]",0.6649354108403249,"[0.654,0.676]",,,,,,,0.8392672858617131,"[0.831,0.847]",0.8392672858617131,"[0.831,0.847]",,,,
TSB018,pca,10000,74985,3,0.0007585874191175232,0.6649354108403249,"[0.654,0.676]",0.6649354108403249,"[0.654,0.676]",,,,,,,0.8392672858617131,"[0.831,0.847]",0.8392672858617131,"[0.831,0.847]",,,,
TSB019,gmm,10000,324985,1,0.0,,,,,,,,,,,,,,,,,,
TSB019,pca,10000,324985,1,0.0,,,,,,,,,,,,,,,,,,
TSB031,gmm,10000,99986,1,0.0,,,,,,,,,,,,,,,,,,
TSB031,pca,10000,99986,1,0.0,,,,,,,,,,,,,,,,,,
TSB032,gmm,10000,99986,1,0.0,,,,,,,,,,,,,,,,,,
TSB032,pca,10000,99986,1,0.0,,,,,,,,,,,,,,,,,,
TSB056,gmm,10000,11832,15,0.0012305866071245306,0.7856,"[0.777,0.794]",0.8158,"[0.808,0.823]",0.0455,"[0.042,0.050]",0.0465,"[0.043,0.051]",0.0489,"[0.045,0.053]",0.8478,"[0.841,0.855]",0.8705,"[0.864,0.877]",0.0455,"[0.042,0.050]",0.047,"[0.043,0.051]"
TSB056,pca,10000,11832,15,0.0006638382027041564,0.7133,"[0.704,0.722]",0.7402,"[0.732,0.749]",0.0506,"[0.046,0.055]",0.049,"[0.045,0.053]",0.0514,"[0.047,0.056]",0.7949,"[0.787,0.803]",0.814,"[0.806,0.822]",0.0485,"[0.044,0.053]",0.0429,"[0.039,0.047]"
TSB057,gmm,10000,14348,17,0.0018254207330474577,0.8058,"[0.798,0.813]",0.8338,"[0.826,0.841]",0.0384,"[0.035,0.042]",0.0461,"[0.042,0.050]",0.0456,"[0.042,0.050]",0.865,"[0.858,0.872]",0.8853,"[0.879,0.891]",0.0441,"[0.040,0.048]",0.0501,"[0.046,0.055]"
TSB057,pca,10000,14348,17,0.0022542146366074105,0.8278,"[0.820,0.835]",0.8578,"[0.851,0.865]",0.0449,"[0.041,0.049]",0.0462,"[0.042,0.050]",0.0445,"[0.041,0.049]",0.88,"[0.873,0.886]",0.9042,"[0.898,0.910]",0.0472,"[0.043,0.052]",0.0486,"[0.045,0.053]"
TSB078,gmm,10000,49985,197,0.0008306482549004297,0.8123,"[0.805,0.820]",0.8287,"[0.821,0.836]",0.0483,"[0.044,0.053]",0.048,"[0.044,0.052]",0.048,"[0.044,0.052]",0.8664,"[0.860,0.873]",0.8892,"[0.883,0.895]",0.0515,"[0.047,0.056]",0.0508,"[0.047,0.055]"
TSB078,pca,10000,49985,197,0.0004998039879036302,0.7612,"[0.753,0.769]",0.7814,"[0.773,0.789]",0.052,"[0.048,0.057]",0.0503,"[0.046,0.055]",0.0481,"[0.044,0.052]",0.8329,"[0.825,0.840]",0.8453,"[0.838,0.852]",0.0482,"[0.044,0.053]",0.0497,"[0.046,0.054]"
TSB083,gmm,10000,115185,23,0.0011837389053177335,0.9366,"[0.932,0.941]",0.9404,"[0.936,0.945]",0.0498,"[0.046,0.054]",0.0501,"[0.046,0.055]",0.0463,"[0.042,0.051]",0.9552,"[0.951,0.959]",0.9578,"[0.954,0.962]",0.0508,"[0.047,0.055]",0.0489,"[0.045,0.053]"
TSB083,pca,10000,115185,23,0.001205155745900422,0.9356,"[0.931,0.940]",0.9391,"[0.934,0.944]",0.0528,"[0.049,0.057]",0.0504,"[0.046,0.055]",0.0503,"[0.046,0.055]",0.9556,"[0.951,0.959]",0.9588,"[0.955,0.963]",0.0532,"[0.049,0.058]",0.0519,"[0.048,0.056]"
TSB084,gmm,10000,115185,91,5.521990373119293e-05,0.6661,"[0.657,0.675]",0.7086,"[0.700,0.717]",0.0482,"[0.044,0.053]",0.0473,"[0.043,0.052]",0.0509,"[0.047,0.055]",0.7592,"[0.751,0.767]",0.7917,"[0.784,0.800]",0.0517,"[0.048,0.056]",0.0506,"[0.046,0.055]"
TSB084,pca,10000,115185,91,1.579338497325516e-05,0.4414,"[0.432,0.451]",0.5135,"[0.504,0.523]",0.0483,"[0.044,0.053]",0.0491,"[0.045,0.054]",0.0511,"[0.047,0.056]",0.5878,"[0.578,0.597]",0.6314,"[0.622,0.641]",0.0492,"[0.045,0.054]",0.0496,"[0.046,0.054]"
TSB114,gmm,10000,108797,145,0.011381023339082336,0.9642,"[0.960,0.968]",0.9638,"[0.960,0.967]",0.0476,"[0.044,0.052]",0.0472,"[0.043,0.052]",0.05,"[0.046,0.054]",0.9774,"[0.974,0.980]",0.975,"[0.972,0.978]",0.0515,"[0.047,0.056]",0.0512,"[0.047,0.056]"
TSB114,pca,10000,108797,145,0.014784305403309215,0.9717,"[0.968,0.975]",0.9685,"[0.965,0.972]",0.0493,"[0.045,0.054]",0.0492,"[0.045,0.054]",0.0475,"[0.044,0.052]",0.9777,"[0.975,0.980]",0.9767,"[0.974,0.979]",0.0512,"[0.047,0.056]",0.0516,"[0.047,0.056]"
TSB115,gmm,10000,4985,447,0.0005685637665588427,0.5324,"[0.523,0.542]",0.5867,"[0.577,0.596]",,,,,,,0.6623,"[0.653,0.672]",0.7111,"[0.702,0.720]",,,,
TSB115,pca,10000,4985,447,0.0002103901576458943,0.2917,"[0.283,0.301]",0.3603,"[0.351,0.370]",,,,,,,0.4593,"[0.450,0.469]",0.5315,"[0.522,0.541]",,,,
TSB116,gmm,10000,4985,1235,0.00012307405212276683,0.093,"[0.087,0.099]",0.1449,"[0.138,0.152]",,,,,,,0.2365,"[0.228,0.245]",0.3048,"[0.296,0.314]",,,,
TSB116,pca,10000,4985,1235,0.00015611524473874662,0.1493,"[0.142,0.156]",0.2169,"[0.209,0.225]",,,,,,,0.3059,"[0.297,0.315]",0.3761,"[0.367,0.386]",,,,
TSB128,gmm,10000,12332,3,0.000735784910562007,0.36782527633506457,"[0.357,0.379]",0.8700226394992675,"[0.862,0.877]",,,,,,,0.5364954221770092,"[0.525,0.547]",0.8860630722278738,"[0.879,0.893]",,,,
TSB128,pca,10000,12332,3,0.0004839821609328419,0.36782527633506457,"[0.357,0.379]",0.9142362498335331,"[0.908,0.920]",,,,,,,0.5364954221770092,"[0.525,0.547]",0.9041200406917599,"[0.897,0.910]",,,,
TSB136,gmm,10000,142389,407,0.00013408508085968214,0.8541,"[0.847,0.861]",0.8475,"[0.840,0.854]",,,,,,,0.893,"[0.887,0.899]",0.8949,"[0.889,0.901]",,,,
TSB136,pca,10000,142389,407,0.00017773574206221012,0.8722,"[0.866,0.879]",0.8713,"[0.865,0.878]",,,,,,,0.9087,"[0.903,0.914]",0.9074,"[0.902,0.913]",,,,
TSB137,gmm,10000,49985,5,0.025815825082478427,0.8193001915901986,"[0.812,0.827]",0.9969748916002823,"[0.996,0.998]",0.02715251842131826,"[0.024,0.031]",,,0.0,"[0.000,0.000]",0.9427020506634499,"[0.938,0.947]",0.989545637314033,"[0.987,0.991]",0.030058503126891265,"[0.027,0.034]",,
TSB137,pca,10000,49985,5,0.021874000252172662,0.7979227588988606,"[0.790,0.806]",0.9503882222446305,"[0.946,0.954]",0.035732310487534065,"[0.032,0.040]",,,0.0,"[0.000,0.000]",0.9296340973059911,"[0.924,0.934]",0.9786891837555287,"[0.976,0.981]",0.03802703247932217,"[0.034,0.042]",,
TSB143,gmm,10000,4090,3,0.00025943846019302623,0.6649354108403249,"[0.654,0.676]",0.6649354108403249,"[0.654,0.676]",,,,,,,0.758846995238708,"[0.749,0.768]",0.758846995238708,"[0.749,0.768]",,,,
TSB143,pca,10000,4090,3,6.427678546046005e-05,0.16247170062591557,"[0.154,0.171]",0.6649354108403249,"[0.654,0.676]",,,,,,,0.3680350019302535,"[0.357,0.379]",0.6802213357354265,"[0.670,0.690]",,,,
TSB144,gmm,10000,4251,3,0.00016408762276295873,0.5024637102144094,"[0.491,0.514]",0.5024637102144094,"[0.491,0.514]",,,,,,,0.5588720945001905,"[0.548,0.570]",0.5231804902832465,"[0.512,0.534]",,,,
TSB144,pca,10000,4251,3,0.0008756461744967624,0.5008656279131709,"[0.490,0.512]",0.5008656279131709,"[0.490,0.512]",,,,,,,0.6853804140734154,"[0.675,0.696]",0.6853804140734154,"[0.675,0.696]",,,,
TSB170,gmm,10000,7483,13,0.015119720146678613,0.8935,"[0.887,0.899]",0.8934,"[0.887,0.899]",0.0558,"[0.051,0.060]",0.0463,"[0.042,0.051]",0.0483,"[0.044,0.053]",0.9234,"[0.918,0.928]",0.9243,"[0.919,0.929]",0.0528,"[0.049,0.057]",0.0445,"[0.041,0.049]"
TSB170,pca,10000,7483,13,0.013948605013241081,0.8822,"[0.876,0.888]",0.8861,"[0.880,0.892]",0.0551,"[0.051,0.060]",0.0495,"[0.045,0.054]",0.0442,"[0.040,0.048]",0.9153,"[0.910,0.921]",0.9212,"[0.916,0.926]",0.0514,"[0.047,0.056]",0.0445,"[0.041,0.049]"
TSB172,gmm,10000,69246,45,0.010692533412871255,0.9547,"[0.950,0.959]",0.9821,"[0.979,0.985]",0.0521,"[0.048,0.057]",0.0496,"[0.046,0.054]",0.0511,"[0.047,0.056]",0.9803,"[0.977,0.983]",0.9842,"[0.982,0.986]",0.0494,"[0.045,0.054]",0.0504,"[0.046,0.055]"
TSB172,pca,10000,69246,45,0.0005502376513642564,0.8696,"[0.863,0.876]",0.8727,"[0.866,0.879]",0.0515,"[0.047,0.056]",0.0513,"[0.047,0.056]",0.0488,"[0.045,0.053]",0.9184,"[0.913,0.924]",0.917,"[0.911,0.922]",0.047,"[0.043,0.051]",0.0491,"[0.045,0.054]"
TSB173,gmm,10000,21518,4,0.00016551109664990102,0.6157525510204082,"[0.606,0.626]",0.6926020408163265,"[0.683,0.702]",0.00855431993156544,"[0.007,0.011]",,,0.0,"[0.000,0.000]",0.7638391917491054,"[0.755,0.772]",0.8451904862134287,"[0.838,0.852]",0.008312906319940317,"[0.007,0.010]",,
TSB173,pca,10000,21518,4,0.00018098715024321614,0.5959821428571429,"[0.586,0.606]",0.6646471088435374,"[0.655,0.674]",0.00855431993156544,"[0.007,0.011]",,,0.0,"[0.000,0.000]",0.7757314249631656,"[0.767,0.784]",0.8046727004841087,"[0.797,0.813]",0.008312906319940317,"[0.007,0.010]",,
TSB174,gmm,10000,23313,5,0.00115277591372861,0.7290824575586096,"[0.720,0.738]",0.9079426030719483,"[0.902,0.913]",0.0,"[0.000,0.000]",,,0.0,"[0.000,0.000]",0.8680024164317358,"[0.861,0.875]",0.8854208618606524,"[0.879,0.892]",0.0,"[0.000,0.000]",,
TSB174,pca,10000,23313,5,0.0014478733636082393,0.5894300727566694,"[0.580,0.599]",0.6939167340339532,"[0.685,0.703]",0.0,"[0.000,0.000]",,,0.0,"[0.000,0.000]",0.7298630688683044,"[0.721,0.739]",0.8776681433749497,"[0.871,0.884]",0.0,"[0.000,0.000]",,
WADI,cmhmil_seed7,10000,69106,17,0.00044335181563114463,0.8425,"[0.835,0.850]",0.8522,"[0.845,0.859]",0.0508,"[0.047,0.055]",0.0482,"[0.044,0.053]",0.0478,"[0.044,0.052]",0.9033,"[0.897,0.909]",0.9091,"[0.903,0.915]",0.0504,"[0.046,0.055]",0.0482,"[0.044,0.053]"
WADI,gmm,10000,69106,17,0.004599940048218011,0.9233,"[0.918,0.928]",0.9414,"[0.937,0.946]",0.0509,"[0.047,0.055]",0.0486,"[0.045,0.053]",0.05,"[0.046,0.054]",0.9664,"[0.963,0.970]",0.9678,"[0.964,0.971]",0.0479,"[0.044,0.052]",0.0419,"[0.038,0.046]"
WADI,iforest,10000,69106,17,0.0002370768876338405,0.8408,"[0.833,0.848]",0.8359,"[0.829,0.843]",0.0477,"[0.044,0.052]",0.0475,"[0.044,0.052]",0.0486,"[0.045,0.053]",0.8794,"[0.873,0.886]",0.874,"[0.867,0.880]",0.0487,"[0.045,0.053]",0.0475,"[0.044,0.052]"
WADI,lof,10000,69106,17,0.0009426998971716518,0.8519,"[0.845,0.859]",0.8643,"[0.857,0.871]",0.0507,"[0.047,0.055]",0.0483,"[0.044,0.053]",0.0506,"[0.046,0.055]",0.9237,"[0.918,0.929]",0.921,"[0.916,0.926]",0.0502,"[0.046,0.055]",0.0502,"[0.046,0.055]"
WADI,ocsvm,10000,69106,17,0.001841008659171444,0.9116,"[0.906,0.917]",0.9139,"[0.908,0.919]",0.0499,"[0.046,0.054]",0.0482,"[0.044,0.053]",0.0468,"[0.043,0.051]",0.954,"[0.950,0.958]",0.9547,"[0.950,0.959]",0.0475,"[0.044,0.052]",0.0455,"[0.042,0.050]"
WADI,pca,10000,69106,17,0.0033789620791574654,0.9075,"[0.902,0.913]",0.9259,"[0.921,0.931]",0.0514,"[0.047,0.056]",0.048,"[0.044,0.052]",0.0472,"[0.043,0.052]",0.9568,"[0.953,0.961]",0.9596,"[0.956,0.963]",0.048,"[0.044,0.052]",0.0445,"[0.041,0.049]"
