dataset,pair,T,dbar,p_win_t,p_win_wilcox,p_blk_t,p_blk_wilcox,AUROC_a,AUROC_b
SMD,7-42,28464,-0.008249141949390191,1.658104974527175e-41,7.182600528468352e-55,0.5446726958656118,0.463134765625,,
SMD,7-123,28464,-0.0055638248789591635,1.2874225542459378e-11,0.3762319685894201,0.3310819277947361,0.9031982421875,,
SMD,42-123,28464,0.002685317070431026,0.00012351245794713935,7.074666923654544e-76,0.10627945700257115,0.216552734375,,
PSM,7-42,110146,0.023082520447621203,2.072143567029919e-203,6.594417980378509e-208,0.7368724634057358,0.8277713231883979,,
PSM,7-123,110146,0.023828434442874896,3.3125294613960156e-155,1.0016378000065037e-174,0.5646075163115372,0.47855620388752385,,
PSM,42-123,110146,0.0007459139952536925,0.3428748414613747,1.5843125749197453e-05,0.8228310998358324,0.6455264778566099,,
SWaT,7-42,144157,0.0490915563334806,0.0,0.0,,,,
SWaT,7-123,144157,0.005847543467326508,3.4684865751733787e-46,1.8775032542247094e-65,,,,
SWaT,42-123,144157,-0.04324401286615409,3.684093179338842e-293,2.4089646976273926e-301,,,,
