dataset,pair,gap_pts,se_pts,z,p_two_sided,lo95_pts,hi95_pts,below_MDE
SMD,deep-iforest,5.449352950649322,4.564,1.194,0.2325,-3.50,14.40,True
SMD,deep-pca,18.95287217545191,3.741,5.066,0.0000,11.62,26.29,False
SMD,deep-gmm,16.641822368453273,3.563,4.671,0.0000,9.66,23.63,False
SMD,deep-ocsvm,12.957153524453513,3.603,3.597,0.0003,5.90,20.02,False
SMD,deep-lof,12.695113013612803,2.197,5.779,0.0000,8.39,17.00,False
SMD,iforest-pca,24.40222512610123,3.630,6.723,0.0000,17.29,31.52,False
SMD,iforest-gmm,22.091175319102597,2.821,7.831,0.0000,16.56,27.62,False
SMD,iforest-ocsvm,18.406506475102834,7.252,2.538,0.0111,4.19,32.62,True
SMD,iforest-lof,18.144465964262125,5.508,3.294,0.0010,7.35,28.94,False
SMD,pca-gmm,2.311049806998633,1.258,1.837,0.0662,-0.15,4.78,True
SMD,pca-ocsvm,5.995718650998394,4.936,1.215,0.2245,-3.68,15.67,True
SMD,pca-lof,6.257759161839105,3.458,1.810,0.0703,-0.52,13.04,True
SMD,gmm-ocsvm,3.684668843999761,5.421,0.680,0.4967,-6.94,14.31,True
SMD,gmm-lof,3.946709354840472,3.635,1.086,0.2776,-3.18,11.07,True
SMD,ocsvm-lof,0.2620405108407109,2.098,0.125,0.9006,-3.85,4.37,True
MSL,deep-iforest,1.7625793493677544,5.791,0.304,0.7609,-9.59,13.11,True
MSL,deep-pca,1.7489802661314946,5.511,0.317,0.7510,-9.05,12.55,True
MSL,deep-gmm,0.36566383939470315,4.590,0.080,0.9365,-8.63,9.36,True
MSL,deep-ocsvm,1.8296345465734776,5.449,0.336,0.7370,-8.85,12.51,True
MSL,deep-lof,9.080065949782002,5.194,1.748,0.0804,-1.10,19.26,True
MSL,iforest-pca,0.013599083236259801,2.874,0.005,0.9962,-5.62,5.65,True
MSL,iforest-gmm,2.1282431887624575,2.962,0.719,0.4724,-3.68,7.93,True
MSL,iforest-ocsvm,0.06705519720572317,2.818,0.024,0.9810,-5.46,5.59,True
MSL,iforest-lof,7.317486600414247,8.884,0.824,0.4101,-10.09,24.73,True
MSL,pca-gmm,2.1146441055261977,2.273,0.931,0.3521,-2.34,6.57,True
MSL,pca-ocsvm,0.08065428044198297,0.284,0.284,0.7762,-0.48,0.64,True
MSL,pca-lof,7.331085683650507,7.390,0.992,0.3212,-7.15,21.82,True
MSL,gmm-ocsvm,2.1952983859681807,2.124,1.034,0.3014,-1.97,6.36,True
MSL,gmm-lof,9.445729789176704,7.487,1.262,0.2071,-5.23,24.12,True
MSL,ocsvm-lof,7.250431403208523,7.358,0.985,0.3245,-7.17,21.67,True
PSM,deep-iforest,13.856796586280485,11.034,1.256,0.2092,-7.77,35.48,True
PSM,deep-pca,5.362543187404434,3.804,1.410,0.1587,-2.09,12.82,True
PSM,deep-gmm,6.834900126909071,5.149,1.327,0.1843,-3.26,16.93,True
PSM,deep-ocsvm,6.770415574747046,4.362,1.552,0.1206,-1.78,15.32,True
PSM,deep-lof,6.91978826873304,3.188,2.170,0.0300,0.67,13.17,True
PSM,iforest-pca,19.21933977368492,9.430,2.038,0.0415,0.74,37.70,True
PSM,iforest-gmm,7.021896459371413,9.034,0.777,0.4370,-10.69,24.73,True
PSM,iforest-ocsvm,7.0863810115334385,11.757,0.603,0.5467,-15.96,30.13,True
PSM,iforest-lof,6.937008317547444,12.083,0.574,0.5659,-16.75,30.62,True
PSM,pca-gmm,12.197443314313505,6.381,1.911,0.0559,-0.31,24.70,True
PSM,pca-ocsvm,12.13295876215148,6.183,1.962,0.0497,0.01,24.25,True
PSM,pca-lof,12.282331456137474,5.356,2.293,0.0218,1.78,22.78,True
PSM,gmm-ocsvm,0.0644845521620252,4.593,0.014,0.9888,-8.94,9.07,True
PSM,gmm-lof,0.08488814182396887,5.494,0.015,0.9877,-10.68,10.85,True
PSM,ocsvm-lof,0.14937269398599407,3.232,0.046,0.9631,-6.18,6.48,True
SMAP,deep-iforest,14.445685678925468,10.565,1.367,0.1715,-6.26,35.15,True
SMAP,deep-pca,15.27156653190307,11.001,1.388,0.1651,-6.29,36.83,True
SMAP,deep-gmm,15.340648392064793,10.946,1.401,0.1611,-6.11,36.79,True
SMAP,deep-ocsvm,15.290295851549269,10.970,1.394,0.1634,-6.21,36.79,True
SMAP,deep-lof,4.370935906713436,8.199,0.533,0.5940,-11.70,20.44,True
SMAP,iforest-pca,0.8258808529776007,1.749,0.472,0.6368,-2.60,4.25,True
SMAP,iforest-gmm,0.8949627131393245,1.660,0.539,0.5898,-2.36,4.15,True
SMAP,iforest-ocsvm,0.8446101726237998,1.650,0.512,0.6088,-2.39,4.08,True
SMAP,iforest-lof,18.816621585638906,6.420,2.931,0.0034,6.23,31.40,False
SMAP,pca-gmm,0.0690818601617238,0.386,0.179,0.8580,-0.69,0.83,True
SMAP,pca-ocsvm,0.01872931964619906,0.364,0.051,0.9589,-0.69,0.73,True
SMAP,pca-lof,19.642502438616503,6.810,2.884,0.0039,6.29,32.99,False
SMAP,gmm-ocsvm,0.050352540515524735,0.046,1.096,0.2732,-0.04,0.14,True
SMAP,gmm-lof,19.711584298778227,6.929,2.845,0.0044,6.13,33.29,False
SMAP,ocsvm-lof,19.661231758262705,6.931,2.837,0.0046,6.08,33.25,False
WADI,deep-iforest,8.437209052309003,10.430,0.809,0.4185,-12.01,28.88,True
WADI,deep-pca,18.627911781876726,9.078,2.052,0.0402,0.83,36.42,True
WADI,deep-gmm,5.3863800557923724,12.007,0.449,0.6537,-18.15,28.92,True
WADI,deep-ocsvm,9.943889715777587,11.156,0.891,0.3727,-11.92,31.81,True
WADI,deep-lof,3.475072262882417,11.367,0.306,0.7598,-18.80,25.75,True
WADI,iforest-pca,10.190702729567725,11.209,0.909,0.3633,-11.78,32.16,True
WADI,iforest-gmm,3.05082899651663,15.479,0.197,0.8438,-27.29,33.39,True
WADI,iforest-ocsvm,1.5066806634685848,8.502,0.177,0.8593,-15.16,18.17,True
WADI,iforest-lof,11.91228131519142,18.375,0.648,0.5168,-24.10,47.93,True
WADI,pca-gmm,13.241531726084354,4.731,2.799,0.0051,3.97,22.51,True
WADI,pca-ocsvm,8.68402206609914,8.312,1.045,0.2961,-7.61,24.98,True
WADI,pca-lof,22.102984044759143,10.471,2.111,0.0348,1.58,42.63,True
WADI,gmm-ocsvm,4.5575096599852145,11.696,0.390,0.6968,-18.37,27.48,True
WADI,gmm-lof,8.86145231867479,9.861,0.899,0.3689,-10.47,28.19,True
WADI,ocsvm-lof,13.418961978660004,16.866,0.796,0.4262,-19.64,46.48,True
