dataset,scorer,r,pred_size,size_win_t
BATADAL,pca,9.329652881708798,0.5210763476998734,0.5438
MSL,cmhmil_seed7,310.79661187441235,0.9114753844270219,0.912
MSL,iforest,253.955124301568,0.9021132720586575,0.9006
MSL,pca,212.725995587661,0.8930993673116152,0.8959
NEweather,pca,1.3164813494014516,0.08759194410078779,0.0889
PSM,cmhmil_seed7,2338.833235695321,0.9676720900767384,0.969
PSM,iforest,2257.97884207324,0.9670986994598656,0.9711
PSM,pca,2442.7984240143232,0.9683671371062786,0.9682
SMAP,cmhmil_seed7,995.1752553353252,0.9504587445676476,0.95
SMAP,iforest,732.2161673760513,0.9422573313321576,0.9424
SMAP,pca,770.6479123719954,0.9437130870131142,0.9439
SMD,cmhmil_seed7,454.1632718795226,0.9267212222681608,0.8997
SMD,iforest,187.84989145398583,0.8862863949376181,0.8785
SMD,pca,625.9023142473566,0.9375548411881132,0.9106
SWaT,pca,0.0,0.05,0.0
TE,pca,162.23044050448354,0.8777021971150224,0.8708
TSB000,pca,0.6074706704772014,0.011911956062634628,0.125
TSB001,pca,0.0,0.05,0.0
TSB002,pca,0.0,0.05,0.0
TSB017,pca,78.36688806517766,0.8247761682972903,0.8676
TSB018,pca,100.4582007812588,0.8449604414755293,0.4993
TSB019,pca,0.0,0.05,0.0
TSB031,pca,0.0,0.05,0.0
TSB032,pca,0.0,0.05,0.0
TSB056,pca,27.704953297355463,0.7096156793529409,0.7133
TSB057,pca,81.14069259085645,0.8277494418030091,0.8278
TSB078,pca,41.93592126139101,0.762144761734004,0.7612
TSB083,pca,675.0330151022532,0.9398657560531483,0.9356
TSB084,pca,6.488046424040408,0.4416065617486252,0.4414
TSB114,pca,2624.460292626248,0.9694810077488691,0.9717
TSB115,pca,3.466227528687352,0.2924530439443368,0.2917
TSB116,pca,1.84108492010032,0.1485968700442228,0.1493
TSB128,pca,25.05362418375145,0.6953683745585215,0.2762
TSB136,pca,147.10267541969614,0.8716195593841981,0.8722
TSB137,pca,4351.627677758166,0.9762968332085268,0.7913
TSB143,pca,0.3967345228104292,0.0018597571242406515,0.122
TSB144,pca,7.821218361810765,0.4834028873975621,0.3761
TSB170,pca,168.63517282192004,0.8800291754122742,0.8822
TSB172,pca,190.36102618238525,0.8870338422762871,0.8696
TSB173,pca,6.584263332811163,0.4449625146549837,0.5607
TSB174,pca,88.94646936081465,0.8353678814710115,0.5833
WADI,cmhmil_seed7,237.4753889992461,0.8987914569991411,0.8425
WADI,iforest,85.82705954356368,0.8324463669179247,0.8408
WADI,pca,1199.2509718891715,0.9548654332654237,0.9075
EMG,gmm,18.19086865811745,0.6458418518881541,0.6456
EMG,iforest,16.31672411349952,0.6275195891063887,0.6261
EMG,lof,44.11953791640407,0.7679323424821929,0.7679
EMG,ocsvm,14.692776576172646,0.609117643883679,0.613
EMG,pca,20.831368568617645,0.6676068800795545,0.6757
