bm,pair,ratio,rho_ab,gap,mde_new,mde_paired,rho_fresh,rho_paired
SMD,deep-iforest,1.0060810706704395,0.9759886069296907,5.449352950649322,70.6,71.02932358933302,0.07718630241712922,0.07671976410975834
SMD,deep-pca,0.7033016158118136,0.9988568150912291,18.95287217545191,70.6,49.653094076314034,0.2684542801055511,0.3817057633170332
SMD,deep-gmm,0.671497196951747,0.994241210493835,16.641822368453273,70.6,47.40770210479334,0.23571986357582542,0.35103625844735126
SMD,deep-ocsvm,0.6504441829892879,0.9968457571130482,12.957153524453512,70.6,45.92135931904372,0.18352908674863333,0.2821596249891528
SMD,deep-lof,0.6689138897564143,0.9938432888308933,12.695113013612804,70.6,47.22532061680285,0.17981746478205107,0.2688200492406157
SMD,iforest-pca,1.4625904374133716,0.9707670292323456,24.40222512610123,70.6,103.25888488138402,0.3456405825226803,0.23632082754072598
SMD,iforest-gmm,1.4956843081880293,0.9588758743551423,22.0911753191026,70.6,105.59531215807486,0.3129061659929547,0.20920602314269773
SMD,iforest-ocsvm,1.5569942057360981,0.9584059392273551,18.406506475102837,70.6,109.92379092496851,0.2607153891657626,0.1674478865786816
SMD,iforest-lof,1.508028123550327,0.957089765506338,18.144465964262125,70.6,106.46678552265308,0.2570037671991803,0.170423722996704
SMD,pca-gmm,0.44183651788055534,0.997309572528876,2.311049806998633,70.6,31.193658162367203,0.03273441652972568,0.07408716845486049
SMD,pca-ocsvm,0.3595081254424698,0.9979456699802691,5.995718650998394,70.6,25.381273656238367,0.08492519335691777,0.23622607486936453
SMD,pca-lof,0.5031758763582137,0.9964158607305932,6.257759161839105,70.6,35.52421687088989,0.08863681532350008,0.17615473930311998
SMD,gmm-ocsvm,0.42692577507124085,0.9966125492772021,3.684668843999761,70.6,30.140959720029603,0.05219077682719209,0.12224789383700958
SMD,gmm-lof,0.28357411809323163,0.9984053508316401,3.946709354840472,70.6,20.02033273738215,0.05590239879377439,0.1971350529789717
SMD,ocsvm-lof,0.340488969033038,0.9979975356889791,0.2620405108407109,70.6,24.03852121373248,0.0037116219665823077,0.01090085818968827
PSM,deep-iforest,0.8161859717482457,0.8869298682580884,13.856796586280485,26.6,21.710546848503338,0.5209322024917475,0.6382518451964158
PSM,deep-pca,0.6157537346405882,0.9446791405322748,5.362543187404434,26.6,16.379049341439647,0.2015993679475351,0.32740259068864186
PSM,deep-gmm,0.5637863787098184,0.951270951617653,6.834900126909071,26.6,14.99671767368117,0.25695113259056657,0.45575973860627744
PSM,deep-ocsvm,0.6170477611447929,0.9447934714006497,6.770415574747046,26.6,16.41347044645149,0.2545269013062799,0.4124914104445703
PSM,deep-lof,0.6318154098807732,0.9398776328793934,6.91978826873304,26.6,16.806289902828567,0.26014241611778344,0.41173800456508913
PSM,iforest-pca,0.8669685215147149,0.8867365173009513,19.21933977368492,26.6,23.06136267229142,0.7225315704392826,0.833400005316132
PSM,iforest-gmm,0.6629500563838433,0.9319614800852175,7.021896459371413,26.6,17.634471499810232,0.2639810699011809,0.39819148872405824
PSM,iforest-ocsvm,0.6757194353343141,0.9336751163215029,7.086381011533439,26.6,17.974136979892755,0.2664053011854676,0.3942543121519997
PSM,iforest-lof,0.8457938883612441,0.8897428286594058,6.937008317547444,26.6,22.498117430409096,0.26078978637396405,0.30833727928591864
PSM,pca-gmm,0.5355699754668372,0.9584532918264789,12.197443314313505,26.6,14.24616134741787,0.45855050053810165,0.8561915744780122
PSM,pca-ocsvm,0.5361379005252422,0.959194856194408,12.13295876215148,26.6,14.261268153971445,0.456126269253815,0.8507629637952444
PSM,pca-lof,0.6207504876973865,0.9445180357619818,12.282331456137474,26.6,16.51196297275048,0.4617417840653185,0.7438444161004283
PSM,gmm-ocsvm,0.43201215129950277,0.9732141220929036,0.0644845521620252,26.6,11.491523224566775,0.0024242312842866617,0.005611488651406022
PSM,gmm-lof,0.5520453041431294,0.9550199459341782,0.0848881418239688,26.6,14.684405090207242,0.0031912835272168718,0.005780836288735941
PSM,ocsvm-lof,0.4855792058017996,0.9662095029729957,0.149372693985994,26.6,12.916406874327869,0.005615514811503534,0.01156457019659865
MSL,deep-iforest,1.112666527470437,0.9020289987094472,1.7625793493677544,43.1,47.955927333975836,0.040895112514333046,0.03675415005725479
MSL,deep-pca,0.9901165574003769,0.9249904436242355,1.7489802661314946,43.1,42.674023623956245,0.04057958854133398,0.04098465805670258
MSL,deep-gmm,0.9035086999838068,0.9369453043004647,0.3656638393947031,43.1,38.94122496930208,0.008484079800341139,0.009390147322868274
MSL,deep-ocsvm,0.9983722087301854,0.9238178320587674,1.8296345465734776,43.1,43.02984219627099,0.04245091755390899,0.04252013145267903
MSL,deep-lof,0.6023190694302377,0.9667659797220169,9.080065949782002,43.1,25.959951892443247,0.2106743839856613,0.3497720638082208
MSL,iforest-pca,0.50473505576723,0.9810422320986638,0.0135990832362598,43.1,21.754080903567612,0.0003155239729990673,0.0006251279149205327
MSL,iforest-gmm,0.5020354431516829,0.9810329124573879,2.128243188762457,43.1,21.637727599837536,0.04937919231467418,0.09835798047381078
MSL,iforest-ocsvm,0.4995088570789808,0.981460099425151,0.0670551972057231,43.1,21.528831740104074,0.001555805039575942,0.0031146695749780123
MSL,iforest-lof,1.2024318069653144,0.8845764737656863,7.317486600414247,43.1,51.82481088020505,0.16977927147132824,0.14119659051586095
MSL,pca-gmm,0.21295325367856485,0.9966587404045474,2.1146441055261977,43.1,9.178285233546145,0.049063668341675123,0.23039642500946536
MSL,pca-ocsvm,0.038221872959691386,0.9998925829144543,0.0806542804419829,43.1,1.6473627245626987,0.0018713290125750093,0.048959636660100475
MSL,pca-lof,1.049569036449414,0.9153263936153061,7.331085683650507,43.1,45.23642547096974,0.1700947954443273,0.16206156006634953
MSL,gmm-ocsvm,0.20479721154595068,0.9969242991191547,2.1952983859681807,43.1,8.826759817630474,0.05093499735425013,0.24870942807159152
MSL,gmm-lof,0.999155687492907,0.9221641165502857,9.445729789176704,43.1,43.06361013094429,0.21915846378600243,0.2193436583801243
MSL,ocsvm-lof,1.0560265375160836,0.9143919891948488,7.250431403208523,43.1,45.514743766943205,0.1682234664317523,0.15929852182260162
SMAP,deep-iforest,1.0916144418979457,0.8279698485409019,14.445685678925468,49.2,53.707430541378926,0.2936114975391355,0.2689699643663977
SMAP,deep-pca,1.1060849809732072,0.820863940263997,15.27156653190307,49.2,54.419381063881794,0.31039769373786724,0.2806273469736102
SMAP,deep-gmm,1.0938857695224375,0.8253836396216168,15.340648392064791,49.2,53.81917986050393,0.3118017965866827,0.2850405456163923
SMAP,deep-ocsvm,1.0974974397650359,0.8242702023593951,15.290295851549269,49.2,53.99687403643977,0.31077837096644856,0.2831700190872275
SMAP,deep-lof,1.0695475229869167,0.8367083311062503,4.370935906713436,49.2,52.6217381309563,0.08884016070555764,0.08306331303302396
SMAP,iforest-pca,0.15603003764968087,0.9965723157671479,0.8258808529776007,49.2,7.6766778523643,0.016786196198731722,0.10758310676319992
SMAP,iforest-gmm,0.1462012177833658,0.9969718755136967,0.8949627131393245,49.2,7.193099914941598,0.018190299047547244,0.12441961375794275
SMAP,iforest-ocsvm,0.1455844650603453,0.9969961431976108,0.8446101726237998,49.2,7.162755680968989,0.017166873427313004,0.11791693172892637
SMAP,iforest-lof,0.8115238523786867,0.9070344458406087,18.816621585638902,49.2,39.92697353703139,0.3824516582446931,0.47127592999722107
SMAP,pca-gmm,0.03871800950999798,0.9997865719675811,0.0690818601617238,49.2,1.9049260678919007,0.0014041028488155243,0.03626485107538777
SMAP,pca-ocsvm,0.0355312846145061,0.9998220148185419,0.018729319646199,49.2,1.7481392030337004,0.0003806772285812804,0.010713860551663366
SMAP,pca-lof,0.8434980040100002,0.8984060950122689,19.642502438616503,49.2,41.50010179729201,0.39923785444342486,0.47331215076436817
SMAP,gmm-ocsvm,0.009836890633603464,0.9999859347938901,0.0503525405155247,49.2,0.48397501917329044,0.001023425620234242,0.10403954444081677
SMAP,gmm-lof,0.8549467442551437,0.8958990612076748,19.711584298778227,49.2,42.06337981735307,0.4006419572922404,0.46861627345138573
SMAP,ocsvm-lof,0.8541803562417,0.8961055585980263,19.661231758262705,49.2,42.02567352709164,0.39961853167200617,0.4678385878952824
WADI,deep-iforest,1.771562846636001,0.9036749396149841,8.437209052309003,610.1,1080.8304927326242,0.013829223163922311,0.007806227811890758
WADI,deep-pca,1.8323654937903018,0.9455498616925015,18.62791178187673,610.1,1117.926187761463,0.030532554961279674,0.016662917450012766
WADI,deep-gmm,1.6281862267327278,0.9321866175837753,5.3863800557923724,610.1,993.3564169296372,0.008828683913772123,0.005422404248860767
WADI,deep-ocsvm,1.7898024701185171,0.9353223387689644,9.943889715777589,610.1,1091.9584870193073,0.016298786618222566,0.009106472300903291
WADI,deep-lof,1.7506893736850822,0.8759023528242272,3.475072262882417,610.1,1068.0955868852686,0.005695906020131809,0.0032535217873301617
WADI,iforest-pca,1.4563060061615736,0.9549593034255567,10.190702729567723,610.1,888.4922943591761,0.016703331797357356,0.011469657974825494
WADI,iforest-gmm,1.6834354860868015,0.9196755139576183,3.05082899651663,610.1,1027.0639900615577,0.005000539250150189,0.00297043711593255
WADI,iforest-ocsvm,1.2677849962366117,0.962052558095086,1.5066806634685848,610.1,773.4756262039568,0.0024695634543002534,0.0019479355424074992
WADI,iforest-lof,2.2742970407829755,0.8325621833520976,11.91228131519142,610.1,1387.5486245816933,0.01952512918405412,0.008585127111334665
WADI,pca-gmm,0.7039979987825599,0.9927196570147137,13.241531726084354,610.1,429.5091790572398,0.021703871047507546,0.03082944992036988
WADI,pca-ocsvm,0.7469798660656801,0.987676321633993,8.68402206609914,610.1,455.7324162866715,0.014233768343057104,0.0190550896880607
WADI,pca-lof,1.917957725861379,0.9300625788022143,22.102984044759143,610.1,1170.1460085480273,0.03622846098141148,0.01888908211735523
WADI,gmm-ocsvm,1.0853115865716605,0.9715343153824145,4.557509659985215,610.1,662.14859896737,0.007470102704450443,0.006882910674571713
WADI,gmm-lof,1.5116935128124611,0.941015370660142,8.86145231867479,610.1,922.2842121668825,0.014524589933903933,0.009608157877770715
WADI,ocsvm-lof,2.0583917737498463,0.8985668597186299,13.418961978660004,610.1,1255.8248211647813,0.021994692638354373,0.010685377253663355
