dataset,seedA,seedB,p_win_t,reject
SMD,0,1,6.42857e-08,1
SMD,0,2,5.25808e-06,1
SMD,0,3,2.80256e-06,1
SMD,0,7,2.8894e-34,1
SMD,0,31,0.0730081,0
SMD,0,42,0.00228152,1
SMD,0,97,4.00531e-19,1
SMD,0,123,5.6527e-16,1
SMD,0,2024,0.00588839,1
SMD,1,2,6.12918e-13,1
SMD,1,3,0.323764,0
SMD,1,7,3.82102e-110,1
SMD,1,31,0.205803,0
SMD,1,42,0.00140478,1
SMD,1,97,0.000516087,1
SMD,1,123,0.338349,0
SMD,1,2024,0.000305281,1
SMD,2,3,5.94617e-22,1
SMD,2,7,3.25802e-41,1
SMD,2,31,0.00112441,1
SMD,2,42,7.84227e-09,1
SMD,2,97,1.13702e-36,1
SMD,2,123,3.5158e-55,1
SMD,2,2024,2.34267e-09,1
SMD,3,7,4.97218e-18,1
SMD,3,31,0.423717,0
SMD,3,42,0.05604,0
SMD,3,97,3.60296e-09,1
SMD,3,123,4.39807e-05,1
SMD,3,2024,0.000302071,1
SMD,7,31,7.57212e-07,1
SMD,7,42,1.6581e-41,1
SMD,7,97,2.14936e-11,1
SMD,7,123,1.28742e-11,1
SMD,7,2024,2.57763e-36,1
SMD,31,42,0.914167,0
SMD,31,97,0.00627669,1
SMD,31,123,0.0651766,0
SMD,31,2024,0.837749,0
SMD,42,97,9.30705e-25,1
SMD,42,123,0.000123512,1
SMD,42,2024,0.303922,0
SMD,97,123,0.0112818,1
SMD,97,2024,6.83559e-52,1
SMD,123,2024,2.41799e-09,1
PSM,0,1,0,1
PSM,0,2,1.41059e-79,1
PSM,0,3,0,1
PSM,0,7,2.25529e-60,1
PSM,0,31,3.61348e-17,1
PSM,0,42,8.27583e-55,1
PSM,0,97,0,1
PSM,0,123,2.52585e-53,1
PSM,0,2024,0,1
PSM,1,2,1.84324e-145,1
PSM,1,3,6.31595e-160,1
PSM,1,7,0,1
PSM,1,31,0,1
PSM,1,42,7.1287e-238,1
PSM,1,97,3.06093e-23,1
PSM,1,123,5.06913e-230,1
PSM,1,2024,4.73071e-104,1
PSM,2,3,0,1
PSM,2,7,4.81242e-236,1
PSM,2,31,1.13414e-186,1
PSM,2,42,8.20062e-13,1
PSM,2,97,0,1
PSM,2,123,2.92507e-08,1
PSM,2,2024,0,1
PSM,3,7,0,1
PSM,3,31,0,1
PSM,3,42,0,1
PSM,3,97,1.82911e-62,1
PSM,3,123,0,1
PSM,3,2024,3.56128e-06,1
PSM,7,31,2.55913e-17,1
PSM,7,42,2.07214e-203,1
PSM,7,97,0,1
PSM,7,123,3.31253e-155,1
PSM,7,2024,0,1
PSM,31,42,1.14758e-124,1
PSM,31,97,0,1
PSM,31,123,1.91592e-101,1
PSM,31,2024,0,1
PSM,42,97,0,1
PSM,42,123,0.342875,0
PSM,42,2024,0,1
PSM,97,123,0,1
PSM,97,2024,2.40584e-58,1
PSM,123,2024,0,1
SWaT,0,1,0,1
SWaT,0,2,3.20704e-266,1
SWaT,0,3,0,1
SWaT,0,7,3.39538e-07,1
SWaT,0,31,1.30768e-261,1
SWaT,0,42,0,1
SWaT,0,97,0,1
SWaT,0,123,2.12124e-44,1
SWaT,0,2024,0,1
SWaT,1,2,0.0269083,1
SWaT,1,3,1.54672e-61,1
SWaT,1,7,0,1
SWaT,1,31,7.40473e-67,1
SWaT,1,42,1.32127e-31,1
SWaT,1,97,0.160347,0
SWaT,1,123,1.85168e-268,1
SWaT,1,2024,0.462965,0
SWaT,2,3,3.97571e-48,1
SWaT,2,7,0,1
SWaT,2,31,1.78961e-65,1
SWaT,2,42,4.11954e-23,1
SWaT,2,97,0.411308,0
SWaT,2,123,0,1
SWaT,2,2024,0.0171902,1
SWaT,3,7,0,1
SWaT,3,31,1.29544e-147,1
SWaT,3,42,5.34504e-18,1
SWaT,3,97,2.81991e-125,1
SWaT,3,123,0,1
SWaT,3,2024,0,1
SWaT,7,31,2.7336e-243,1
SWaT,7,42,0,1
SWaT,7,97,5.09084e-248,1
SWaT,7,123,3.46849e-46,1
SWaT,7,2024,1.0159e-200,1
SWaT,31,42,4.44125e-133,1
SWaT,31,97,6.66047e-54,1
SWaT,31,123,2.1394e-175,1
SWaT,31,2024,9.10494e-39,1
SWaT,42,97,3.2236e-117,1
SWaT,42,123,3.68409e-293,1
SWaT,42,2024,3.77558e-36,1
SWaT,97,123,1.73375e-181,1
SWaT,97,2024,0.0198596,1
SWaT,123,2024,8.48124e-144,1
MSL,0,1,1.22298e-06,1
MSL,0,2,4.58642e-24,1
MSL,0,3,2.14341e-11,1
MSL,0,4,1.6092e-09,1
MSL,0,5,0.111093,0
MSL,0,6,6.52685e-21,1
MSL,0,7,2.96936e-41,1
MSL,0,8,1.13377e-39,1
MSL,0,9,1.35521e-11,1
MSL,0,10,0.00218046,1
MSL,1,2,3.06858e-17,1
MSL,1,3,0.00251821,1
MSL,1,4,0.0530469,0
MSL,1,5,8.84391e-07,1
MSL,1,6,5.2357e-10,1
MSL,1,7,2.82836e-17,1
MSL,1,8,7.01489e-38,1
MSL,1,9,0.000445477,1
MSL,1,10,0.0179385,1
MSL,2,3,1.18983e-09,1
MSL,2,4,8.40486e-12,1
MSL,2,5,3.57849e-47,1
MSL,2,6,0.0519632,0
MSL,2,7,0.0887603,0
MSL,2,8,6.65103e-08,1
MSL,2,9,2.60909e-08,1
MSL,2,10,5.3375e-33,1
MSL,3,4,0.19235,0
MSL,3,5,3.59854e-14,1
MSL,3,6,0.00068483,1
MSL,3,7,4.06696e-09,1
MSL,3,8,1.06011e-29,1
MSL,3,9,0.79534,0
MSL,3,10,2.36693e-08,1
MSL,4,5,2.00839e-14,1
MSL,4,6,2.23435e-05,1
MSL,4,7,7.87483e-18,1
MSL,4,8,9.80951e-25,1
MSL,4,9,0.0837752,0
MSL,4,10,6.54065e-05,1
MSL,5,6,9.03435e-25,1
MSL,5,7,6.27846e-38,1
MSL,5,8,7.5363e-67,1
MSL,5,9,3.45453e-19,1
MSL,5,10,0.00211291,1
MSL,6,7,0.00456154,1
MSL,6,8,1.03149e-11,1
MSL,6,9,0.00510401,1
MSL,6,10,4.27226e-17,1
MSL,7,8,0.0314115,1
MSL,7,9,1.05042e-08,1
MSL,7,10,8.4992e-27,1
MSL,8,9,2.11766e-21,1
MSL,8,10,1.04758e-57,1
MSL,9,10,3.79914e-10,1
SMAP,0,1,0.000139768,1
SMAP,0,2,1.508e-16,1
SMAP,0,3,0.000325753,1
SMAP,0,4,1.16027e-11,1
SMAP,0,5,0.855225,0
SMAP,0,6,0.0159934,1
SMAP,0,7,0.00116985,1
SMAP,0,8,7.69921e-13,1
SMAP,0,9,2.02387e-18,1
SMAP,0,10,8.31401e-16,1
SMAP,1,2,3.83254e-19,1
SMAP,1,3,1.38744e-08,1
SMAP,1,4,4.94945e-09,1
SMAP,1,5,4.38255e-21,1
SMAP,1,6,2.4691e-08,1
SMAP,1,7,0.147407,0
SMAP,1,8,0.00453409,1
SMAP,1,9,2.66615e-07,1
SMAP,1,10,6.61555e-19,1
SMAP,2,3,2.34349e-23,1
SMAP,2,4,1.16861e-07,1
SMAP,2,5,2.64314e-149,1
SMAP,2,6,7.65784e-22,1
SMAP,2,7,7.79067e-52,1
SMAP,2,8,0.0114035,1
SMAP,2,9,0.616061,0
SMAP,2,10,0.17618,0
SMAP,3,4,2.45271e-16,1
SMAP,3,5,0.0915453,0
SMAP,3,6,0.173759,0
SMAP,3,7,6.93667e-07,1
SMAP,3,8,3.44654e-44,1
SMAP,3,9,1.28393e-51,1
SMAP,3,10,5.08426e-21,1
SMAP,4,5,1.15854e-95,1
SMAP,4,6,7.46146e-17,1
SMAP,4,7,1.17679e-27,1
SMAP,4,8,0.603288,0
SMAP,4,9,0.130012,0
SMAP,4,10,0.136618,0
SMAP,5,6,0.39058,0
SMAP,5,7,4.0833e-24,1
SMAP,5,8,2.33489e-16,1
SMAP,5,9,3.96972e-30,1
SMAP,5,10,1.90361e-42,1
SMAP,6,7,4.67098e-06,1
SMAP,6,8,4.57068e-14,1
SMAP,6,9,2.3423e-20,1
SMAP,6,10,3.12587e-26,1
SMAP,7,8,0.00045926,1
SMAP,7,9,3.57535e-09,1
SMAP,7,10,4.28582e-15,1
SMAP,8,9,4.45374e-06,1
SMAP,8,10,0.173132,0
SMAP,9,10,0.619616,0
WADI,0,1,0.4331,0
WADI,0,2,0.0595184,0
WADI,0,3,0.933818,0
WADI,0,4,0.318803,0
WADI,0,5,0.835719,0
WADI,0,6,0.560199,0
WADI,0,7,0.524311,0
WADI,0,8,0.951397,0
WADI,0,9,0.85556,0
WADI,0,10,0.111974,0
WADI,1,2,0.207298,0
WADI,1,3,0.37279,0
WADI,1,4,0.0898756,0
WADI,1,5,0.563287,0
WADI,1,6,0.210937,0
WADI,1,7,0.221645,0
WADI,1,8,0.530475,0
WADI,1,9,0.360218,0
WADI,1,10,0.448239,0
WADI,2,3,0.012466,1
WADI,2,4,0.00642165,1
WADI,2,5,0.102733,0
WADI,2,6,0.0343388,1
WADI,2,7,0.0377735,1
WADI,2,8,0.10444,0
WADI,2,9,0.0633611,0
WADI,2,10,0.613127,0
WADI,3,4,0.35328,0
WADI,3,5,0.786695,0
WADI,3,6,0.635258,0
WADI,3,7,0.545353,0
WADI,3,8,0.899036,0
WADI,3,9,0.912817,0
WADI,3,10,0.051535,0
WADI,4,5,0.245837,0
WADI,4,6,0.6983,0
WADI,4,7,0.75294,0
WADI,4,8,0.267811,0
WADI,4,9,0.406679,0
WADI,4,10,0.0188429,1
WADI,5,6,0.463422,0
WADI,5,7,0.45187,0
WADI,5,8,0.915753,0
WADI,5,9,0.749085,0
WADI,5,10,0.184698,0
WADI,6,7,0.884995,0
WADI,6,8,0.534338,0
WADI,6,9,0.664458,0
WADI,6,10,0.0860914,0
WADI,7,8,0.472258,0
WADI,7,9,0.604145,0
WADI,7,10,0.0750912,0
WADI,8,9,0.8123,0
WADI,8,10,0.218231,0
WADI,9,10,0.148718,0
