dataset,scorer,T,win_event,win_normal,mu_diff,var_w,w_mean,term_mix,term_sel,share_mix,var_g,r_pred,r_emp,pred_size,size_win_t
BATADAL,pca,2074,177,1897,1.3195915950294412,0.0005607268356272,0.0855937801350048,0.0009764059623483,0.0014303473169399,0.4056942482434679,0.2083120609795674,11.98107847853701,9.329652881708798,0.5210763476998734,0.5438
MSL,cmhmil_seed7,66008,7095,58913,1.0063274900217003,0.0005789838830838,0.1073418222033692,0.0005863340934226,0.0007953061509464,0.4243753725416631,0.195808132705197,232.87926806294237,310.79661187441235,0.911475384427022,0.912
MSL,iforest,66008,7095,58913,1.0804933546100235,0.0005789838830838,0.1073418222033692,0.0006759439339875,0.0015750696103085,0.3002842589287468,0.1932848469683233,384.3676945255902,253.955124301568,0.9021132720586575,0.9006
MSL,pca,66008,7095,58913,1.1012419870717374,0.0005789838830838,0.1073418222033692,0.0007021533907271,0.0012728260410189,0.3555244067055071,0.1924677566348848,338.66566694077846,212.725995587661,0.8930993673116152,0.8959
NEweather,pca,9065,2949,6116,1.063129909097518,3.668769183294218e-05,0.3253145615002757,4.146608772598706e-05,4.925061124219738e-05,0.4570943188809127,0.2982099005339256,1.3788054566166863,1.3164813494014516,0.0875919441007877,0.0889
PSM,cmhmil_seed7,110146,24381,85765,1.133616372910553,0.0089158056867157,0.22112081691573,0.0114575777882827,0.0009015315558661,0.9270552973711657,0.3003613093503971,2266.1148680647057,2338.833235695321,0.9676720900767384,0.969
PSM,iforest,110146,24381,85765,1.1179697678892286,0.0089158056867157,0.22112081691573,0.0111434768157655,0.0007314857013817,0.9384010096599862,0.2807308329806535,2329.5973718423948,2257.97884207324,0.9670986994598656,0.9711
PSM,pca,110146,24381,85765,1.2232822949823303,0.0089158056867157,0.22112081691573,0.013341786140603,0.0011323434277862,0.9217677703908886,0.3067335749128198,2598.782144884089,2442.7984240143232,0.9683671371062786,0.9682
SMAP,cmhmil_seed7,281385,26873,254512,1.0046600574453386,0.0004419852348342,0.0956439868862945,0.000446114186214,0.0010332500793969,0.301558038533388,0.1733130063273171,1200.9223159304884,995.1752553353252,0.9504587445676476,0.95
SMAP,iforest,281385,26873,254512,1.052731362435264,0.0004419852348342,0.0956439868862945,0.0004898271846866,0.0004532191774468,0.5194094419477717,0.1524756618913529,870.1687119024244,732.2161673760513,0.9422573313321576,0.9424
SMAP,pca,281385,26873,254512,1.03515189618976,0.0004419852348342,0.0956439868862945,0.0004736046146402,0.0004740707317081,0.4997540734442085,0.151510776082503,880.0087829628777,770.6479123719954,0.9437130870131142,0.9439
SMD,cmhmil_seed7,28464,2694,25770,1.3578756403198078,0.0007307139933758,0.0948713989600899,0.001347309645571,0.0030142100872426,0.3089082998833263,0.2015410388191909,307.99260141301386,454.1632718795226,0.9267212222681608,0.8997
SMD,iforest,28464,2694,25770,1.2817569026643787,0.0007307139933758,0.0948713989600899,0.0012004905732534,0.0036652280530784,0.2467242077576617,0.1946723180499884,355.7203622148915,187.84989145398583,0.8862863949376181,0.8785
SMD,pca,28464,2694,25770,1.5526784352348824,0.0007307139933758,0.0948713989600899,0.001761612838569,0.004432958231826,0.2843801158385425,0.2240721019927519,393.44985247969714,625.9023142473566,0.9375548411881132,0.9106
TE,pca,23989,15126,8863,0.91891524768964,1.232903390255395e-32,0.63053899704031,1.041070073820371e-32,0.00656957500206,1.5846840526121118e-30,0.2558517705866453,307.98601542420624,162.23044050448354,0.8777021971150224,0.8708
TSB000,pca,8095,50,8045,1.414441608051246,4.977600678933228e-06,0.0061686226065472,9.958412221835446e-06,0.0197770601389326,0.0005032800770914,0.0931172090498696,860.0768687440597,0.6074706704772014,0.05,0.125
TSB017,pca,19372,2306,17066,1.1742628743094572,0.0008913037641479,0.1190788509188519,0.0012290127868493,0.001642114485886,0.4280593195990279,0.2149071178716931,129.4035257609221,78.36688806517766,0.8247761682972903,0.8676
TSB056,pca,11832,402,11430,1.4313113082552675,0.0001052021165497,0.0340220588235294,0.0002155225329058,0.0006042796529538,0.2628957773268137,0.1417652183780825,34.21113998929819,27.704953297355463,0.7096156793529409,0.7133
TSB057,pca,14348,1020,13328,1.4353082081994375,0.0003023446357874,0.0711281363256202,0.0006228631025747,0.0043960644525524,0.1241028278916778,0.1993187693189944,180.6442333730162,81.14069259085645,0.8277494418030091,0.8278
TSB078,pca,49985,12568,37417,1.1356561827764802,7.571044800697689e-05,0.2515011953586075,9.764489783767589e-05,6.193539090078494e-05,0.6118857072486439,0.2978735341668925,13.38927399995668,41.93592126139101,0.762144761734004,0.7612
TSB083,pca,115185,1682,113503,1.284913951985276,5.659998009364486e-07,0.0146120458393019,9.344678583729412e-07,0.0020112383946626,0.0004644073457993,0.102822429904944,1127.0504469878078,675.0330151022532,0.9398657560531484,0.9356
TSB084,pca,115185,6799,108386,1.022758202424218,1.709508897375764e-06,0.0590613187481008,1.7882050122607676e-06,3.418093408386677e-05,0.0497149794851021,0.1401944994510071,14.776276184199777,6.488046424040408,0.4416065617486252,0.4414
TSB114,pca,108797,24381,84416,1.232297301891511,0.0091382748230016,0.2238625467613996,0.0138769879128902,0.0011362674349794,0.9243157190994756,0.3064445028801574,2665.078222533755,2624.460292626248,0.9694810077488693,0.9717
TSB137,pca,49985,1700,48285,1.1933897146642285,1.779868360978471e-05,0.0340312093628088,2.5348511621666377e-05,0.0360052426339247,0.0007035274974887,0.1256304373914185,7167.805572462158,4351.627677758166,0.9762968332085268,0.7913
TSB170,pca,7483,1986,5497,1.1645970167678543,0.0059572474649929,0.2658958639583054,0.0080797325950523,0.0090808304714801,0.4708314385563441,0.3095183526559509,207.4392234337084,168.63517282192004,0.8800291754122742,0.8822
TSB172,pca,69246,730,68516,1.198731839958972,3.833122472753692e-06,0.010563671547815,5.508036094701898e-06,0.001876873005088,0.0029261004941067,0.1000790640187582,651.221905679028,190.36102618238525,0.8870338422762871,0.8696
TSB173,pca,21518,3593,17925,1.3430865386075976,7.351520031371419e-06,0.1669899851287294,1.32612706152833e-05,0.000606960803463,0.0213814876469677,0.29575537137822,22.56246188839475,6.584263332811163,0.4449625146549837,0.5607
TSB174,pca,23313,1929,21384,1.2864114225348795,0.0008882928052805,0.0826304744134174,0.0014699952111406,0.0001203449298792,0.9243275530968832,0.1897530048345127,97.69436784395478,88.94646936081465,0.8353678814710115,0.5833
WADI,cmhmil_seed7,69106,672,68434,1.0328255499743904,4.144079242755158e-06,0.0097265686047521,4.420607918036105e-06,0.0023414657808299,0.0018844083580685,0.0645092404277194,1256.5240553596752,237.4753889992461,0.8987914569991412,0.8425
WADI,iforest,69106,672,68434,1.1638639821789107,4.144079242755158e-06,0.0097265686047521,5.613484245792611e-06,0.0065831518983561,0.0008519781658359,0.0954458451930684,2385.243797721415,85.82705954356368,0.8324463669179247,0.8408
WADI,pca,69106,672,68434,1.4128747722749282,4.144079242755158e-06,0.0097265686047521,8.272473651696742e-06,0.0049735496666522,0.0016605317128387,0.0973565741978864,1768.1076170987433,1199.2509718891715,0.9548654332654236,0.9075
