K,phi,sigma_b,r,pred,win_t,blk_t
8,0.0,0.0,0.4566763300747733,0.003727349906477057,0.005,0.0502
8,0.0,0.5,15.002859356337146,0.6128414889323466,0.6362,0.0462
8,0.0,2.0,54.70929181124915,0.791019026889638,0.8118,0.0476
8,0.9,0.0,8.68581694417026,0.5060220025674571,0.5378,0.0502
8,0.9,0.5,28.874449941976142,0.7152955793694415,0.7396,0.0502
8,0.9,2.0,83.3601206925014,0.8300224756740976,0.833,0.0554
32,0.0,0.0,0.44671191019610007,0.0033621359491375095,0.0038,0.0498
32,0.0,0.5,20.069619029741116,0.6617426042352437,0.667,0.0466
32,0.0,2.0,78.26805370884902,0.8246673668252426,0.8224,0.0516
32,0.9,0.0,9.13674083164578,0.5167094605508727,0.5198,0.0528
32,0.9,0.5,27.04247654360388,0.7062435981617505,0.7108,0.0554
32,0.9,2.0,77.7737056402685,0.8241201071702264,0.8208,0.054
64,0.0,0.0,0.482678240716264,0.0047850821557190075,0.006,0.0514
64,0.0,0.5,19.912795990709757,0.6604963887983304,0.6626,0.0444
64,0.0,2.0,80.48695049740174,0.8270623322008595,0.8278,0.0512
64,0.9,0.0,9.467974882018106,0.5241362218257002,0.5296,0.0526
64,0.9,0.5,27.74398127000313,0.7098107350989531,0.711,0.044
64,0.9,2.0,78.98050951705466,0.8254471692146813,0.832,0.0564
