dataset,tau_win_full_pca_gmm
BATADAL,38.58051397706056
MSL,7.8539767824405695
NEweather,28.47042267713828
PSM,1095.5557969706479
SMAP,6.074750798096932
SMD,1.271522061688371
SWaT,891.6070701516412
TE,143.30433811448233
TSB000,6.689870160420005
TSB001,15.999999999999963
TSB002,1.0
TSB017,1122.8463003906008
TSB018,254.8858561965576
TSB019,275.6421599485505
TSB031,7752.956209441085
TSB032,17022.554155141457
TSB056,32.231027262980746
TSB057,24.262641875934353
TSB078,546.9365860395566
TSB083,20.82367187043841
TSB084,49.341730053502985
TSB114,922.2134120582606
TSB115,313.0133699778345
TSB116,7.651431782424079
TSB128,23.14362432874751
TSB136,20.339944352207997
TSB137,1666.549045367504
TSB143,10.218057407959822
TSB144,1.0
TSB170,3.6542214669206765
TSB172,10.159044758686628
TSB173,389.2538824339299
TSB174,63.20283386410436
WADI,7195.279816724563
