dataset,tau_pca_gmm_stride1
BATADAL,14.78403633155916
EMG,31.9726903663535
MSL,7.756441312640391
MetroPT3,42.37575226011451
NEweather,3.45614727512587
PSM,378.9609741235176
SMAP,1.5436939000788215
SMD,1.2700694938214112
TE,200.11536808797646
TSB000,4.528946676237289
TSB017,35.755695743773195
TSB018,51.97939114942581
TSB056,17.13837829550772
TSB057,19.859021995551505
TSB078,15.160108928045712
TSB083,14.961556642359206
TSB084,15.80446834753988
TSB114,640.9629187117426
TSB115,1.6100798862938024
TSB116,1.4699850155515872
TSB128,16.825124346686664
TSB136,2.5913005494026446
TSB137,40.67738573132146
TSB143,10.18855043249938
TSB144,1.0
TSB170,2.0110385418166947
TSB172,7.543683301692494
TSB173,378.8090428503983
TSB174,49.350229199495914
WADI,55.58401804580705
